motif_index_0based,motif_id,motif_title,motif_gloss,description_present,tradition_frequency,tradition_prevalence
0,a1_1,The old sun,"Another sun, usually less benevolent and/or powerful, existed before the present one",True,44,0.047516198704103674
1,a2a_1,Several suns burn the earth,"The world was (almost) burned when several suns had (will) appear(ed) simultaneously. (Texts with ""Moon was equal to Sun"" without ""the burned earth"" motif not mentioned)",True,75,0.08099352051835854
2,a2b_1,Extra suns and moons annihilated,Other suns or moons besides present ones had been in the sky and were later annihilated,True,65,0.07019438444924406
3,a2b1_1,The last sun,"Two or more suns shine in the sky. When the extra suns had been annihilated, there was a risk of the last one being destroyed too",True,19,0.020518358531317494
4,a2c_1,Extra suns are children of the present one,Extra suns who almost burned or could burn the world are children of the present one,True,19,0.020518358531317494
5,a2d_1,Suns of the other worlds,Different suns illuminate different worlds or will appear successively in the future,True,14,0.01511879049676026
6,a3_1,Male sun and female moon,"The Moon is female or bisexual, the Sun is male",True,325,0.3509719222462203
7,a4_1,Female sun,"The Sun is female, the Moon is male or (much more rare) also female",True,209,0.22570194384449244
8,a4a_1,The Sun dazzles eyes,"Modest Sun-woman dazzles (usually pricks with needles, i.e. the sun rays) eyes of those who look at her",True,11,0.011879049676025918
9,a4b_1,The Sun is afraid of the night,"Being afraid of the night, the Sun decided to travel across the sky only at the day time",True,5,0.005399568034557235
10,a5_1,The Sun and the Moon are males,"The Moon is male, the Sun is also male or (much more rare) asexual",True,302,0.326133909287257
11,a5a_1,The Sun created from the Moon’s swaddling clothes,The younger brother (usually the Sun) is created from urine and swaddling clothes of the elder brother (usually the Moon).,True,8,0.008639308855291577
12,a6_1,The Sun and the Moon are females,Both the Sun and the Moon are considered to be females (incl. cases when the gender is not directly specified but both emerge from parts of the body of a female person),True,48,0.05183585313174946
13,a7_1,The sun pursues the moon,The Sun and the Moon are persons of different sex. The man pursues the woman or vice versa. Details of pursuit usually explain why the luminaries are not equally bright and/or why there are stains on the lunar disc,True,36,0.038876889848812095
14,a8_1,"The Sun, the Moon and the Star are three siblings","The Sun, the Moon and the star (stars) are three sisters or three brothers",True,3,0.0032397408207343412
15,a8a_1,a8a_1,,False,6,0.0064794816414686825
16,a9_1,The moon defends people,Female moon does not permit her husband or son to destroy people,True,5,0.005399568034557235
17,a10_1,The sun finds its eyes,The sun gets his bright eye or eyes from an animal,True,6,0.0064794816414686825
18,a11a_1,Eyes of the Sun and the Moon: coolness and night,"Visible sun and/or moon are the Sun's and/or the Moon's eyes. If these eyes were not injured, light and heat would be more intense",True,31,0.03347732181425486
19,a11b_1,One-eyed luminaries,The Sun or the Moon have only one eye (the Mundurucu: they are blind),True,30,0.032397408207343416
20,a11c_1,"The Sun, the Moon and monster’s eyes",The Sun and the Moon kill a monster whose eyes are unequally bright. The Moon takes the brighter eye but gives it back to the Sun,True,4,0.004319654427645789
21,a12_1,Eclipses: a monster’s attack,"Some creature or creatures regularly (sunrise and sunset, summer and winter, lunar phases) or irregularly (solar and lunar eclipses, eschatological events) attack the luminaries or shade their light",True,270,0.2915766738660907
22,a12a_1,Eclipses: a predator animal,"During an eclipse or at the sunset the Sun or the Moon are attacked by a predator animal (a bear, a feline, a canine, a racoon)",True,82,0.08855291576673865
23,a12b_1,Eclipses: a frog or toad,During an eclipse or at the sunset the Sun or the Moon are attacked by a frog or toad,True,21,0.02267818574514039
24,a12c_1,Eclipses: reptiles and fish,"During an eclipse or at the sunset the Sun or the Moon are attacked by a reptile (a snake, a lizard, a dragon, a crocodile) or a fish",True,65,0.07019438444924406
25,a12d_1,Eclipses: birds,A bird or birds attack or shade the Sun or the Moon during an eclipse or at the sunrise and sunset,True,25,0.026997840172786176
26,a12e_1,Eclipses: spider,A spider produces the lunar eclipses,True,5,0.005399568034557235
27,a12f_1,Eclipses: creditor,A creditor comes from time to time to the Sun or the Moon to claim back his money producing eclipses,True,12,0.012958963282937365
28,a13a_1,Raven steals the Sun,Raven steals (hides) the Sun or tries to do it,True,8,0.008639308855291577
29,a13a1_1,Raven obtains the Sun,Raven obtains the hidden or stolen Sun,True,27,0.029157667386609073
30,a13b_1,Ants shade the Sun,During an eclipse or during the first night ants shade or shaded the Sun,True,7,0.00755939524838013
31,a14_1,Eclipses: relations between the Sun and the Moon,Coming together of the Sun and the Moon is the reason of their eclipses,True,96,0.10367170626349892
32,a15_1,Eclipses: crossing of the paths,An eclipse happens when the Sun or the Moon turns to a wrong path or when their paths cross,True,13,0.014038876889848811
33,a16_1,Dangers along the Sun’s way,Every night the Sun and/or the Moon passes by creatures or objects which try to destroy them,True,30,0.032397408207343416
34,a17_1,The Sun’s relax at the midday,"After passing half of the its way across the sky (in the day time) or in the underworld (in the night time), the Sun stops to have a rest",True,45,0.04859611231101512
35,a18_1,The sky boats,The Sun and/or the Moon regularly travel across the sky or the underworld in a boat. (Voyages by boat of the mythical persons who eventually become the Sun or the Moon not included),True,25,0.026997840172786176
36,a19a_1,"By horse in the morning, by ox in the evening","During its everyday travel across the sky, the Sun changes its draught animals (usually in the morning the Sun rides a slow animal and in the evening a quick one)",True,8,0.008639308855291577
37,a19b_1,"By snail in summer, by bird in winter","For its sky voyage, the Sun chooses draught animals according to the season, riding a slow animal in the summer time and a quick one in the winter time",True,5,0.005399568034557235
38,a20_1,Childhood of the Sun and Moon,The Sun and Moon are two siblings who live on earth and then ascend to the sky. Their (birth and) childhood are described,True,34,0.0367170626349892
39,a21_1,Luminaries thrown up into the sky,The sun and/or the moon are inanimate objects thrown up or put into the sky,True,55,0.05939524838012959
40,a22_1,To the sky from a bonfire,"After getting into the fire or boiling water, one or two persons ascend to the sky and turn into the Sun and/or Moon",True,30,0.032397408207343416
41,a22a_1,The hot Sun and its cold companion,"After two persons burn up, one turns into the present Sun and another into a less important sky object",True,14,0.01511879049676026
42,a22b_1,Hot fire and cold ashes,Person who becomes the Sun burned up in a hot fire while his companion burned up in the less hot fire or threw himself into the ashes. He (she) turns into the Moon or a star which gives no warmth,True,8,0.008639308855291577
43,a22c_1,Person sacrificed to the Sun,"To make the Sun rise above the horizon, to send him to the right distance from the earth, to make him move across the sky, etc. a person has to be sacrificed",True,17,0.0183585313174946
44,a22d_2,The burned up persons turn into constellation,The burned up persons turn into a constellation or into the dark spot on the Milky Way,True,4,0.004319654427645789
45,a23_1,Elections of the Sun to be,The primeval ancestors come together to choose the best candidate to become the Sun and/or to send the Sun to the sky or to see how the Sun rises to the sky for the first time,True,38,0.04103671706263499
46,a23a_11,Who will see the Sun first?,Two persons or animals argue about who of them will be the first to see the rising sun. One who seemed to have less chances wins,True,39,0.042116630669546434
47,a23b_11,First beams on the tree tops,Two persons or animals argue who would see the rising sun first. One who looks not to the east but to the opposite direction gets to see the first beams on trees or mountain tops and wins,True,19,0.020518358531317494
48,a23c_11,Who will fly higher?,Birds argue who of them will fly higher. One who seemed to have less chances wins (he hides himself in feathers of a strong bird using it as a vehicle) ,True,33,0.035637149028077755
49,a24_1,The first sunrise,"In the beginning it is dark. When the Sun first appears on the sky, primeval beings or part of them perish or turn into animals or spirits",True,46,0.04967602591792657
50,a24a_3,The first day or night: transformed into spirits,"At the moment when the first day or the first night come, (some) people turn into supernatural beings",True,5,0.005399568034557235
51,a25_3,Getting accustomed to the light,"When people see light of day for the first time, they are prohibited to look at it immediately. Those who break this taboo are ruined",True,7,0.00755939524838013
52,a26_1,The Sun-bird,"A bird incorporates the Sun or the day light. It can be caught, let free, killed",True,4,0.004319654427645789
53,a27_1,Crowns of the Sun and Moon,"Light and/or heat of the Sun and/or Moon originate from their crowns, necklaces or clothes (of feathers, of animal teeth)",True,45,0.04859611231101512
54,a29_1,The Sun and a demon compete for the hero,"Two persons one of whom is connected with the upper and another with the lower or middle world, both are eager to possess another person and pull him or her to his or her side. One or both rivals are female. Person connected with the upper world and/or the object of the competition are luminaries – the Sun, the Moon, or Venus",True,13,0.014038876889848811
55,a29a_10,Torn in half by two wives,The sky wife and the wife from the earth each pull the man to her side tearing him in half,True,6,0.0064794816414686825
56,a29b_1,The Moon torn in half,"Person, connected with the upper world and another person connected with the lower world or the earth both are eager to possess a hero or heroin who is associated with the Moon",True,10,0.01079913606911447
57,a30_1,The Moon eats the dead,"Moon descends to earth to eat children, corpses or bones of the dead",True,7,0.00755939524838013
58,a31_2,The incestuous Moon ,"As a result of some intimate contacts and/or love affair, the Moon acquires its present appearance (often, the stains on his face) and/or ascends to the sky",True,103,0.11123110151187905
59,a31a_5,The cut off breast,"When a woman gets know that her husband or lover did something against accepted rules of behavior, she cuts off her breast and shows it to him",True,9,0.009719222462203024
60,a32_2,Figure on lunar disc,A figure or an imprint of some being or object are seen in the Moon. (For statistical analysis motifs A32A – A32J are also included into A32),True,337,0.36393088552915764
61,a32a_2,The Moon rabbit,Rabbit or hare are seen in the moon,True,58,0.06263498920086392
62,a32b_2,The Moon toad,Frog or toad are seen in the moon or the Moon is associated with them,True,38,0.04103671706263499
63,a32c_2,A man and a dog in the Moon,A human being and a dog together are seen in the moon,True,15,0.016198704103671708
64,a32c1_2,a32c1_2,,False,25,0.026997840172786176
65,a32d_2,Man in the Moon,Human being or imprint of human being is seen in the moon,True,250,0.26997840172786175
66,a23d1_2,a23d1_2,,False,14,0.01511879049676026
67,a32dd_2,Firewood-carrier in the moon,Person who carries a bundle of brushwood or firewood is seen in the moon.,True,16,0.017278617710583154
68,a32e_2,Person with an object in hands,Person who holds some object in his or her hands is seen in the moon,True,126,0.13606911447084233
69,a32f_2,Water-carrier in the Moon,Person who went to fetch water and/or holds in hands a container for liquid is seen in the moon,True,69,0.07451403887688984
70,a32g_2,Holding a bush,Person who had been carried up to the moon took hold of a bush or a small tree and is seen now on the lunar disc together with this bush,True,17,0.0183585313174946
71,a32h_2,The Moon plant,A tree or bush is seen in the moon,True,60,0.06479481641468683
72,a32i_2,A shepherd in the moon,"A shepherd or herdsman (alone or with a girl, with his herd, dogs) is seen in the moon",True,5,0.005399568034557235
73,a32j_2,A shaman in the moon,"A shaman with his drum ascends to the moon and remains there, his figure is seen in the moon",True,5,0.005399568034557235
74,a32k_2,"First to the Sun, then to the Moob",Person seen in the Moon initially had to get to the Sun or the Sun and the Moon argue who of them should get the person,True,9,0.009719222462203024
75,a33_2,The Sun ram,"The Sun has appearance of one a hoofed animal (bull, ram, pig, etc.)",True,11,0.011879049676025918
76,a34_2,The fox and the Moon,"Jackal, coyote, or fox are connected with the Moon (usually with the origin of spots on the lunar disc)",True,23,0.024838012958963283
77,a35_2,Spots on the lunar disc,"Dark spots on the lunar disc are dirt, blood, paint, traces of beating, burning, scratching, etc. on the Moon person's body or face (Kiliwa: spots on the Sun) and do not form any particular figure",True,188,0.20302375809935205
78,a35a_2,Dirt into the Moon’s face,Spots on the lunar disc are dirt thrown into the Moon's face by his/her sister/brother or mother,True,28,0.03023758099352052
79,a35b_2,To smear the Moon with pitch,"To make the Moon less bright, some person tried to smear it with pitch ",True,6,0.0064794816414686825
80,a36_4,The immortal Moon,"Moon, unlike people, revives or rejuvenates every month; or those who live in the Moon are immortal; or the Moon makes decision if people should die forever or regularly revive",True,66,0.07127429805615551
81,a37_1,The Sun is attacked,Person attacks the Sun (or several suns if they were many) with weapon,True,59,0.06371490280777538
82,a37a_7,Shooter hides underground,"Small animal (marmot, rabbit, mole, toad, frog) or person who turns into this animal tried to hit the Sun with arrows and since then has been hiding from the Sun in underground holes or in the water",True,11,0.011879049676025918
83,a37b_7,Shooter’s thumb cut off,"Small animal (marmot, rabbit, mole, toad, frog) or person who turns into this animal tried to hit the Sun with his arrows but remains without thumb as a result",True,7,0.00755939524838013
84,a38_1,The Sun caught in snare,"Person prepares a snare, loop, noose, etc. to catch the Sun and/or the Sun is caught in a snare, tied by a rope, etc.",True,60,0.06479481641468683
85,a38a_5,Snare of pubic hair,The Sun is caught into snare made of the pubic hair of hero's female relative,True,7,0.00755939524838013
86,a38b_7,Mouse gnaws snare open,"After the Sun is caught into snare only mouse, shrew or other small animal is able to cut it open",True,22,0.023758099352051837
87,a38c_10,The Sun’s cloak,A boy or a girl has a cloak. The Sun spoils it or gives instead a better one,True,12,0.012958963282937365
88,a38d_10,The Sun ruins cloak,"Because the Sun does damage to a person or animal (spoils, burns his cloak, skin, etc.), the person or animal kills him or catches him in a snare",True,10,0.01079913606911447
89,a39_1,The twelve months,Every one of the months of a year is a separate object or creature,True,35,0.03779697624190065
90,a40_5,The Sun or Moon marry toad,Frog or Toad is a wife of the Sun or Moon,True,21,0.02267818574514039
91,a41_1,The Sun swallows her children,"Two persons have children (younger siblings, mothers). One of them proposes to another that they should kill (eat, bake, etc.) their children (mothers, etc.) but hides his or her own. The opponent actually kills his or her own kin. One of the persons or/and the only survived child is the Sun",True,20,0.02159827213822894
92,a42_1,Phaethon: false Sun fails to fulfill his duty,"Person comes to the sun, attempts to fulfill the sun's duty but intentionally or because of a lack of skill does it wrong and the earth suffers from heat etc.",True,16,0.017278617710583154
93,a43_3,The Moon in one moccasin ,"The Moon-person runs out of the lodge and flies up. He forgets to put his footwear on one foot, or somebody attempts to seize him grasping his foot or cuts the foot off. Now the Moon-person lacks one foot or footwear on one of his (or her) feet",True,15,0.016198704103671708
94,a43a_10,Person with a shoe on one foot,"While being transformed into a bird or ascending to the sky a person was in a hurry and put a footwear only on one foot, or somebody attempted to seize him grasping his foot. Now the corresponding bird or a sky-person is believed to have different feet",True,18,0.019438444924406047
95,a44_2,Moon the protector,A woman tyrannized by her husband or an orphan girl or boy asks the Moon to take her or him to the sky. The request is granted and the person is seen now on the lunar disc,True,44,0.047516198704103674
96,a45_2,The insulted Moon,Person who teases or insults the Moon is punished,True,31,0.03347732181425486
97,a46_1,The Sun and Moon from eyes of a being,The Sun and Moon (Rig-Veda: the Sun only) appear from eyes of a person or creature,True,22,0.023758099352051837
98,b1_3,Two male creators,In the beginning of times two companions or brothers compete in producing things. Usually one of them is or becomes master of the underworld,True,72,0.07775377969762419
99,b1a_3,Three worlds: the universe divided between gods,"Anthropomorphic persons agree to divide between them levels of universe (upper world, earth, lower world)",True,6,0.0064794816414686825
100,b1b_3,Two female creators,"In the beginning of times two supernatural females compete in producing things. One has positive, another negative characteristics",True,5,0.005399568034557235
101,b1c_3,One creator deceives another,"Two creators agree that whose object will be found in a certain condition (usually: whose tree or flower will grow or blossom first) should be recognized as a senior one. While one of the creators sleeps or is absent, another replaces the objects and so achieves the priority by deceit",True,6,0.0064794816414686825
102,b1d_3,Good and bad workers,"Two persons are creating the world, one is a good and and another a bad worker, that’s because separate parts of the world look differently",True,4,0.004319654427645789
103,b2a_3,The female earth,The earth is a female being or associated with a woman,True,251,0.2710583153347732
104,b2b_3,The earth eats the dead,The earth devours bodies of the people when they die and are buried,True,21,0.02267818574514039
105,b2c_3,The earth as a child’s body,"The earth as a whole or fertile soil is the body of a child, has been born by a woman",True,11,0.011879049676025918
106,b2d_3,Marriage of the sky and the earth,"The male Sky (the Sun, the Thunder, the creator of the sky) marries the female Earth (or its female creator) or the female Sky marries the male Earth",True,95,0.10259179265658748
107,b2e_3,The male earth,The earth or the world as a whole is a male person,True,36,0.038876889848812095
108,b2f_3,Buried in a head,Initially the earth is absent or liquid. Zoomorphic person buries his relatives in his own body or flies carrying the coffin,True,12,0.012958963282937365
109,b2g_7,b2g_7,,False,6,0.0064794816414686825
110,b3_3,A primeval swamp,"Initially the earth is a swamp, water and dry land are not separated from each other",True,14,0.01511879049676026
111,b3a_3,Primeval waters,"Water is the original element, the dry earth appears later",True,291,0.3142548596112311
112,b3b_3,Earth grows big,Original earth was small and later increased in size or the fertile soil grew from a small amount of original substance,True,277,0.2991360691144708
113,b3c_3,An attempt to drown God,"When dry land is created, Creator takes a rest and sleeps. His antagonist decides to drown him and drags him to the edge of the earth. The dry land grows in size as long as the antagonist drags the Creator's body, the edge never reached",True,11,0.011879049676025918
114,b3d_3,Earth from worm’s excrements,"A worm obtains the earth (from the underworld), it emerges from the worm's excrements, is extracted from inside of the worm",True,17,0.0183585313174946
115,b3e_3,Earth falls on waters,"In the beginning there are only air and water. 1) Person descends from the sky, creates the dry land or a hard support created for her or him grows into the earth. 2) The earth is sent or dropped from the sky, put on the surface of the water. 3) The earth is brought from somewhere (not from the underworld) and put on the water",True,68,0.0734341252699784
116,b4_3,The fished out earth,Islands or continent are fished out of the ocean or pulled to their present place by rope,True,34,0.0367170626349892
117,b5a_3,Two creators: a dialogue,"In the beginning of time, a male and a female persons meet each other and become engaged into the dialogue",True,13,0.014038876889848811
118,b5b_3,The universal mother,Woman (alone or with her companion) gives birth to or creates not only people but also different creatures and objects,True,25,0.026997840172786176
119,b6_5,First man and woman meets each other,"The first or the only survived man and woman walk or run to each other around a post, a hill, etc. When they come together they marry each other",True,16,0.017278617710583154
120,b7a_3,The spit out water,"Somebody is the only possessor of water or certain beverage. Another person drinks it, escapes and spits out making it available for the people",True,16,0.017278617710583154
121,b7b_3,Waters from broken pot,"Sea, river, waters of flood flow out of a small container",True,36,0.038876889848812095
122,b7c_3,Water splashed out,Person or creature possesses all the fresh water. Another person splashes it out of a container or pond making it available for everybody,True,8,0.008639308855291577
123,b7d_3,Water flows from broken bone,Water flows from a broken bone (of a bird) producing a flood,True,5,0.005399568034557235
124,b8_3,Frog hides the water,Frog hides all the water but other person makes it available for everybody,True,14,0.01511879049676026
125,b9_3,Water in the tree trunk,There is enormous amount of water inside a trunk of a tree or a tree turns into water,True,51,0.0550755939524838
126,b10_3,Drunk out water,"Person drinks a lake or all the water in the world or all the water is originally inside person's belly. When a hole is made in it, the water pours out",True,36,0.038876889848812095
127,b11a_3,Mammoth creates the landscape,Mammoth described as an underground creature moves across the earth while it is still wet creating the present landscape,True,7,0.00755939524838013
128,b13a_10,Stream follows person,A stream of water (with a monster in it) pursues person who tries to escape from it,True,24,0.02591792656587473
129,b14_3,Tears turn into water,"Rivers, fountains, ocean, waters of flood, rain, etc. emerge from somebody's tears",True,59,0.06371490280777538
130,b15_3,River from woman’s body,A river flows from the body of a female person,True,13,0.014038876889848811
131,b16a_3,Sea from the urine,"Initially there is no sea, it is produced from some person's urine",True,8,0.008639308855291577
132,b16b_3,Wolverine makes the sea salty,Wolverine or fox bathes in the sea making the water salty,True,5,0.005399568034557235
133,b16c_3,Salt-grinding mill,Magic mill is ordered to grind salt but not ordered to stop. It sinks into ocean and continues to work making the water salty,True,41,0.04427645788336933
134,b17_3,Night in container,Darkness is a particular object that can be carried (usually brought from its original owner in a container),True,54,0.058315334773218146
135,b18_3,Day in container,"Day light (also warmth, the sun, the moon) is kept as a particular object in a container, under a cover, etc.",True,48,0.05183585313174946
136,b19_3,The night and the married life,People had trouble making love before night came into being,True,13,0.014038876889848811
137,b20_3,Expedition to the upper world,"People regularly ascend to the sky for hunting, fishing or gathering; do not give honey, fish or proper meat to the old person remained below; she or he makes their return impossible, they remain in the sky",True,7,0.00755939524838013
138,b21_3,Destruction of the world tree,"People ascend the tree to hunt, fish, or gather food in the sky. The tree is destroyed, people fall to earth or remain in the upper world",True,8,0.008639308855291577
139,b22_3,Offended person destroys the tree,People who have climbed up a tree do not share food with a person who remained below. He or she revenges on them destroying the tree. The events have cosmic dimensions,True,9,0.009719222462203024
140,b22a_10,Lads and tapir,"Boys climb a tree to eat fruits. Tapir asks them to give some fruits to him, they refuse to do so. Tapir tries to kill the boys",True,3,0.0032397408207343412
141,b23_7,Prohibited fire and smoke,God prohibits making fire for cooking and punishes breakers of this taboo,True,11,0.011879049676025918
142,b24_7,Transformation of kinsmen into wild pigs,Person transforms into wild pigs his kinsmen or children,True,5,0.005399568034557235
143,b24a_7,Circle of feathers,"Person makes a circle of bird feathers around a group of people or throws feathers into their dwelling, people turn into wild pigs",True,6,0.0064794816414686825
144,b25_7,Pigs fall from a tree,Persons climb a tree or liana and fall turning into wild pigs and other game animals,True,6,0.0064794816414686825
145,b26_10,Man joins wild animals,Person who follows the wild animals turns into one of them or into their master,True,54,0.058315334773218146
146,b27_10,Variants of transformations,"Persons ponders over what object, feature, or creature it would be appropriate for him or her to turn into. When the choice is made, the persons transforms himself or herself",True,36,0.038876889848812095
147,b28_3,Travelling transformer,"The transformer walks along coming across different persons, transforming them into birds, animals, stones, shrines, etc. and introducing cultural norms",True,61,0.06587473002159827
148,b28a_8,Pierced to the ground,Person who have been transforming people into animals or stones is pierced to the ground with a pole,True,5,0.005399568034557235
149,b28b_7,Pacification of things,Hero comes to a country where inhabitants are afraid of objects or plants who attack them. He easily overcomes these objects and transforms them in what they are now,True,14,0.01511879049676026
150,b28c_7,Lice grasp a man and pull him into the sea,Lice grasp a man and pull him into the sea,True,2,0.0021598272138228943
151,b28d_7,"Man transformed into deer, his knives into antlers","Unrecognized Transformer meets a man who tells him that he prepares knives (a spear) to kill Transformer. The latter transforms him into deer, his knives or spear into deer antlers",True,10,0.01079913606911447
152,b29_8,Eschatological feast,"People turn into animals, birds or stones at a feast, after the feast, after performing a ritual or after a victory over dangerous enemy",True,50,0.05399568034557235
153,b30a_7,Murdered person turns into fish,Fish emerges from remains of a killed person or creature,True,7,0.00755939524838013
154,b30b_7,Murdered person turns into game animals,Different game animals emerge from remains of a murdered person,True,11,0.011879049676025918
155,b31_7,Woman turns into water mammal,"After a conflict with a man or remaining alone, a woman turns into water mammal",True,37,0.03995680345572354
156,b32_7,Women turn into fish,After a conflict with their husbands women turn into fish,True,6,0.0064794816414686825
157,b33_3,Mother of wind,"Female person is incarnation of wind, mother of winds, etc.",True,35,0.03779697624190065
158,b33a_10,One dies of cold in the spring,"Believing that a winter is over, an old woman (rare: a young girl, a man) goes outdoors (usually to graze her animals) without a proper clothing. It becomes cold again and she dies of cold",True,40,0.04319654427645788
159,b33a1_10,The offended March,"Person teases, offends March or other month and is punished",True,21,0.02267818574514039
160,b33b_7,A bird of march,In the late winter or early spring a bird (usually a thrush) flies out before time and dies of cold or her nestlings die of cold,True,7,0.00755939524838013
161,b33c_7,The borrowed days,When the winter ends and the spring begins certain mother (usually March) borrows several days from a neighbor month to preserve its strength and produce a short period of a very cold weather,True,23,0.024838012958963283
162,b33d_3,The old woman of winter,Old woman is incarnation of winter or there are several cold days between winter and spring (or fall) associated with a certain old woman,True,29,0.03131749460043196
163,b34_7,Overtaken by the first night,"When night escapes from container where it was originally preserved, men surprised by the darkness turn into birds or animals",True,9,0.009719222462203024
164,b35_7,Waddling bear,"Being in a hurry, the bear puts his left shoe on his right foot and vice versa. Now is lumbering",True,6,0.0064794816414686825
165,b35a_7,Tree fulfills wishes and then transforms into bear,Tree grants a man the fulfillment of his wishes but ultimately transforms him into a bear,True,6,0.0064794816414686825
166,b36_7,"Color, voice, form: one divided between many","Because the integrity of some creature or (rare) object is ruined, different beings get their present colors, voices and other anatomical traits",True,66,0.07127429805615551
167,b36a_7,Bathing in blood,Birds or fish obtain their colors after smearing themselves with liquids extracted from the body of some being or dividing among themselves its bright skin or dress,True,49,0.052915766738660906
168,b36b_7,Birds obtain their voices,Birds obtain their voices after pecking big reptile and smearing themselves with liquids from its body,True,5,0.005399568034557235
169,b36c_7,Fat animals,"Animals get meat and fat extracted from some original creature or created otherwise. Some get a lot, some remain lean",True,14,0.01511879049676026
170,b37_7,Color of birds,"Person paints two or more different birds (rare: fish) or they paint each other, smear themselves with paint, decorate their bodies with pieces of bright skin or fabric. Since then feathers, beaks and feet of the birds (skin and scales of fish) are of different colors",True,116,0.12526997840172785
171,b38_7,The ruined painting,Person paints birds or animals or they paint each other. It is made not according to the original plan,True,71,0.07667386609071274
172,b38a_7,Two birds paint each other,"Two birds paint each other, one becomes worse than it was before",True,36,0.038876889848812095
173,b38b_7,Raven and loon paint each other,Raven and loon paint each other,True,17,0.0183585313174946
174,b38c_7,Tail base of the loon,Person kicks loon or other water bird. Since then this bird has flat tail base and it walks on dry land with difficulty,True,19,0.020518358531317494
175,b38d_7,Raven and owl paint each other,Raven and owl paint each other,True,6,0.0064794816414686825
176,b38e_7,Swan marries crow,A bird with white or bright feathers marries a bird with black feathers but flies away after getting know that his or her marriage partner eats carrion or excrements,True,5,0.005399568034557235
177,b39_7,Narrow waist of an insect,"Insect-person knows the source of food (cultivated plants) and water but does not share his knowledge. To make him speak, ancestors tie a rope around his waist and pull it till the waist becomes narrow (origin of narrow place between breast and belly of insects)",True,10,0.01079913606911447
178,b40_7,Rabbit as deer’s proxy,"Hare or rabbit is a false deer or it was deer in the past or a close kin of the deer or had horns or antlers or missed opportunity to get them, its ears are the false horns",True,35,0.03779697624190065
179,b40a_7,Missed opportunity to have horns,Animal who has no horns now had them before or missed opportunity to get them,True,56,0.06047516198704104
180,b40b_7,Horse exchanges features with cow,"The horse exchanges some parts of his body with the cow, usually gives her horns and/or obtains teeth",True,12,0.012958963282937365
181,b41_7,The talking dog,"Dogs could speak. To prevent them to spread information, the dog is deprived of this ability or the dog rejects it itself",True,39,0.042116630669546434
182,b41a_7,Animal reveals master’s secrets,The dog or other domestic animal speaks aloud about those details of its masters' life that they would prefer to conceal. He is punished by depriving his ability to speak,True,19,0.020518358531317494
183,b42_2,Cosmic hunt,"Certain stars or constellations are interpreted as hunters, their dogs and game which the hunters pursue",True,121,0.1306695464362851
184,b42a_2,Blood or fat drops to earth,"Hunters pursue a bear across the sky, kill it in August – October. Its blood or fat drops to earth as a dew or painting leaves of the trees in red",True,6,0.0064794816414686825
185,b42b_2,Sky hunters pursue an ungulate,"In the cosmic hunt tale the game pursued by the hunters is an ungulate (elk, deer, mountain sheep, etc.)",True,62,0.06695464362850972
186,b42c_2,Sky hunters pursue a bear,In the cosmic hunt tale the game pursued by the hunters is a bear,True,19,0.020518358531317494
187,b42d_2,Sky hunters pursue a tapir,In the cosmic hunt tale the game pursued by the hunters is a tapir,True,5,0.005399568034557235
188,b42e_2,Sky hunters pursue a rhea,In the cosmic hunt tale the game pursued by the hunters is a rhea bird (Rhea americana),True,6,0.0064794816414686825
189,b42f_2,Ursus major is an ungulate,"Ursus major (seven stars or only four stars of a dipper) is identified with an ungulate (elk, deer, mountain sheep, etc.)",True,47,0.05075593952483801
190,b42h_2,The object of cosmic hunt is the Belt of Orion,The object of hunt in the cosmic hunt tale is identified with the Belt of Orion,True,35,0.03779697624190065
191,b42h1_2,b42h1_2,,False,19,0.020518358531317494
192,b42i_2,The object of cosmic hunt is the Lady in the Chair,The object of hunt in the cosmic hunt tale is identified with the Lady in the Chair,True,4,0.004319654427645789
193,b42k_2,Cosmic hunt and the Pleiades,In the cosmic hunt tale either hunters or game is identified with the Pleiades,True,21,0.02267818574514039
194,b42l_2,"Animal is the dipper, hunters are the handle","Stars of the handle of the Big Dipper are identified with the hunters, the dipper itself with the game (bear or elk)",True,20,0.02159827213822894
195,b42m_2,Second hunter’s cooking pot,Hunter identified with Mizar (the second star of the handle of the Big Dipper) carries a cooking pot identified with Alcor (weak star near Mizar),True,10,0.01079913606911447
196,B42m1_2,"Yurak, Selkup and Tungus",Every one of three (rare: four) hunters who pursuing an elk get to the sky and become stars is identified with a person of particular nationality,True,7,0.00755939524838013
197,b42mm_2,The boaster and the hurried one,"In the cosmic hunt tales according to which stars of the handle of the Big Dipper are three hunters, each of the hunters demonstrates particular psychological characteristics (one is a boaster, another is a hurried one, etc.). Usually these hunters are identified with peoples of different ethnic groups or with different species of birds",True,7,0.00755939524838013
198,b42mn_2,b42mn_2,,False,17,0.0183585313174946
199,b42n_2,Orion is one person,"Constellation of Orion or the Belt of Orion is identified with only one male person, usually with a warrior or hunter",True,60,0.06479481641468683
200,b42o_2,Broken back constellation,Certain constellation is a male person whose back is broken or wounded,True,6,0.0064794816414686825
201,B42o1_2,Ursa major is a fisher,Ursa major is identified with a fisher (mustela pennati),True,4,0.004319654427645789
202,b42p_2,Ursa major is a bear,Ursa major is identified with a bear,True,34,0.0367170626349892
203,b42q_2,Ursa major is a carriage,"Ursa major is identified with a carriage, a cart",True,43,0.04643628509719223
204,b42r_2,The Belt of Orion: one runs after another,Three stars of the Belt of Orion are three persons or animals who pursue each other,True,11,0.011879049676025918
205,b42s_2,Hit with a projectile,"Ursa major or Polaris are identified with a middle size animal (ermine, fisher, woodchuck) or person (identified with an animal?) hit with a dart or arrow",True,11,0.011879049676025918
206,b42t_2,Ursa major is a big mammal,"Seven main stars of Ursa major are interpreted as a figure of a mammal: bear, deer, mountain sheep, camel, dog",True,53,0.05723542116630669
207,b43_3,Purusha,Parts of the body of the primeval person or creature are transformed into different elements of the landscape and parts of the universe,True,33,0.035637149028077755
208,b44a_7,Council on seasons: units of time,The number of discrete units of time in a certain calendar period of time is discussed,True,50,0.05399568034557235
209,b44b_7,"Council on seasons: toes, claws, hairs, feathers","Toes, claws, feathers, hairs, color stripes, etc. are counted and compared to establish the number of period of time or particular way of alternation of periods",True,23,0.024838012958963283
210,b44c_7,Should warmth and light exist?,"It is discussed if darkness or light, cold or warm periods should exist",True,66,0.07127429805615551
211,b44d_7,Black-an-white animal is night and day,There are both night and day because spotted (or otherwise black and white) animal has been killed,True,3,0.0032397408207343412
212,b44e_7,Dispute of animals,"Participants of the discussion concerning number of the units of time, etc. are animals (rare: animals and elements, in particular Wind)",True,60,0.06479481641468683
213,b44f_7,Fox stands for day,"In a dispute about should it be dark or light, Fox stands for light",True,5,0.005399568034557235
214,b45_7,Marriage of winter and summer,"A coming of warm (light, abundant, etc.) or cold (dark, barren, etc.) time is related to the marriage of certain person",True,26,0.028077753779697623
215,b45b_7,The bull of cold,"Bull or cow are related to winter and cold, responsible for existence of the cold season",True,8,0.008639308855291577
216,b46_2,Ursa major as seven men,"Every star of the Ursa mayor is a separate person. Usually the constellation represents seven men, rare it is seven women or seven persons and animals",True,70,0.0755939524838013
217,b46a_2,Stolen star of the Pleiades,The seventh star of the Pleiades was abducted by stars of Big Dipper and now is seen among them,True,16,0.017278617710583154
218,b46a1_7,b46a1_7,,False,14,0.01511879049676026
219,b46c_2,b46c_2,,False,90,0.09719222462203024
220,b46d_2,b46d_2,,False,9,0.009719222462203024
221,b47_2,The Pleiades bring cold,In former times or regularly the Pleiades or other group of stars produced or produce till now severe cold. (The heliacal set of the Pleiades is in May-June while in the Northern Hemisphere they are seen best of all in the winter time),True,13,0.014038876889848811
222,b47a_7,Split hood of cow,Cow steps on the stars of the Pleiades which were dangerous being and lived on earth. Some of these stars slipped through its split hoof,True,5,0.005399568034557235
223,b48_7,Predators become herbivorous ,Weak or herbivorous animals were dangerous predators but have been transformed,True,51,0.0550755939524838
224,b48a_7,Other creatures’ flesh,"Particular pieces of flesh or inner organs in the bodies of animals, birds, or fish originally belonged to other creatures",True,16,0.017278617710583154
225,b48b_7,Human flesh in the animals,Some game animals have a piece of human flesh in their body that remained since the time when these animals were anthropomorphic,True,8,0.008639308855291577
226,b49_7,Muddled request,Animals of particular species do not hear well the instructions concerning their way of life or the ask God for some benefit but muddle their request. Thanks to this they acquire their present habits. (In the Toraja tale the motif is used to explain the mortal nature of human beings),True,15,0.016198704103671708
227,b49a_7,How many cubs in a year,Mighty animals lost opportunity to have many children and now give birth only once in several years,True,4,0.004319654427645789
228,b50_7,Bloodsuckser’s lie,An insect feeds on human blood (flesh). Dangerous person asks it where it got to suck blood or whose blood (flesh) is the most delicious. The insect lies or cannot answer (its tongue is cut off). Thanks to this dangerous person attacks certain plants or animals and not people,True,60,0.06479481641468683
229,b51_7,Mosquito and thunder,Bloodsucking insect does not tell thunder that it has sucked human blood,True,14,0.01511879049676026
230,b51a_7,Snake and swallow,Swallow does not let snake to destroy people. Usually the snake sends mosquito or other bloodsucking insect to get know whose blood is the most delicious. The insect flies back to report that human blood is the sweetest. Swallow bites its tongue off and the snake gets to pull off feathers from the swallow's tail,True,31,0.03347732181425486
231,b52a_3,Vulture creates the landscape,"Flying above the earth and flapping its wings, a bird (usually a vulture) makes it dry after the flood or otherwise creates present landscape",True,13,0.014038876889848811
232,b52b_3,Some earth is concealed,Person spits out earth that he swallowed or concealed otherwise. This way the broken landscape is created,True,19,0.020518358531317494
233,b52c_3,Earth bigger than sky,"When the earth and the sky were created, they p[roved to be of unequal size. The earth was squeezed, this way mountains appeared",True,18,0.019438444924406047
234,b53_5,Creatures or objects from cut off genitals,Supernaturally big genitals are cut off and turn into snakes or other creatures and objects,True,20,0.02159827213822894
235,b54_7,Chips turn into fish,"Chips of wood, branches or pieces of bark thrown or fallen into the water turn into fish and/or aquatic animals",True,46,0.04967602591792657
236,b55_7,Leaves are fish,Fish grows on branches of a tree or leaves of a tree turn into fish,True,13,0.014038876889848811
237,b56_7,Fire tongue of crocodile,"After the crocodile or caiman swallows or loses fire (that he possessed before), he remains without his tongue; or the crocodile's tongue is cut off to make something related to celestial fire (thunderbolt, sun beams, etc.",True,12,0.012958963282937365
238,b57_3,Blood reddens world,"When some person or animal is killed, blood paints the sky or vegetation (origin of the sunrise or sunset, of reddish colors of Aurora borealis or of the red color of the autumn leaves)",True,34,0.0367170626349892
239,b57a_3,Red sunset contains a message,When person gets to see that the sky becomes red he or she understands that another person's blood is shed or that another person spilled a red liquid,True,10,0.01079913606911447
240,b58_7,Wild turkey’s red neck,"After the original fire is stolen by the ancestors, a partridge size forest bird (Penelope sp.; Anhima cornuta; etc.; jacu, paujil) swallows burning coal and (besides the Andoque) its neck becomes red",True,9,0.009719222462203024
241,b59_2,A groups of dancers ascend to the sky,"A group of people (usually children, brothers or sisters) play, dance, ascend to the sky and turn into Pleiades or other compact constellation",True,14,0.01511879049676026
242,b60_10,Offended children abandon parents,"Children conflict with their parents who do not pay them enough attention, condemn their sexual behavior, do not give them enough food, clothes, etc.; the children abandon their parents and become birds, bats, atmospheric phenomena, or stars (usually the Pleiades)",True,29,0.03131749460043196
243,b61_7,The mole’s paw,Mole had to support the sky or the Sun that had fallen down. Usually its paw (hand) remained crooked after this,True,6,0.0064794816414686825
244,b62_10,Buzzard husband,"Man thinks that buzzard or hawk has better life than he. They exchange clothes. The bird lives with the man's wife as her husband, the man usually does not enjoy his bird life",True,20,0.02159827213822894
245,b63_3,Transformation of lazy boys,"Young people, usually siblings, tell other person, usually their mother, that they have been doing agricultural work though it is not the case. When the deceit is discovered, they turn into atmospheric phenomena",True,4,0.004319654427645789
246,b64_7,The bony fish,Bones of fresh-water fish are result of a fighting or military expedition. The bones are arrows that have pierced the fish bodies (gill openings are pierced by arrows) or the small bones are fragments of originally big ones,True,19,0.020518358531317494
247,b64a_7,Small bones: war between fish and birds,Fish and birds shoot arrows into each other. Since then there are many small bones inside the fish,True,10,0.01079913606911447
248,b64b_7,Small bones: war between different fish,Fish of two species shoot arrows into each other. Since then there are many small bones in the fish or some bones are forked,True,8,0.008639308855291577
249,b64c_7,Small bones: fish fall from the sky,Fish in company of other earth dwellers ascend to fight with the sky dwellers. They fall to earth and break their bones. Since then there are many small bones in the fish,True,4,0.004319654427645789
250,b64d_7,Bones in the birds’ leg,Small bones in the legs of birds of particular species or spots on their feathers are arrows shot into them from below,True,4,0.004319654427645789
251,b65_7,Intestines turn into creepers,Person plays imitating other animal person. His belly is cut open as a result and intestines turn into vines,True,5,0.005399568034557235
252,b66_7,Rope turns into creepers,Persons climb to the sky up a rope or an arrow ladder; fallen down rope turns into forest vines,True,6,0.0064794816414686825
253,b67_7,Tree turns to rocks,People fell giant tree. The fallen tree and/or its stump turns into mountain(s) or rocks,True,9,0.009719222462203024
254,b68_7,The giant grouse,Hazel-grouse was big and dangerous. He is torn to pieces which are shared between other birds and animals. What remains is the present grouse,True,17,0.0183585313174946
255,b69_7,Chipmunk's back scratched: hence his stripes,"(Animal)-person wants to thank or to punish small animal (chipmunk, ground squirrel, etc.) and scratches or paints it producing stripes on its back",True,34,0.0367170626349892
256,b69a_7,"Council on seasons, chipmunk participates","Chipmunk or an animal of similar size (weasel, pika) is engaged into argument with another animal person (bear, elk, puma, snake) if it should be warm and light or cold and dark",True,8,0.008639308855291577
257,b70_7,Ears of hare,"Person beats hares, foxes or other medium size animals who became helpless (usually closed in his house). Tale explains why tips of the animals' ears or tails have a particular color",True,15,0.016198704103671708
258,b71_3,Aurora borealis,"Aurora borealis is spirits (of the dead) who run holding burning torches, play or fight with each other",True,35,0.03779697624190065
259,b72_7,The thirsty cuckoo,"Children do not give water to their mother or mother to her child. The offended person turns into a bird, usually a cuckoo",True,20,0.02159827213822894
260,b72a_7,"Mother, child and swans","(Step)parent does not share his or her food with a child. The child (usually a small girl) asks the migratory birds (swans, geese, etc.) to take her or him with them. The birds give the child feathers (wings, etc.) and the girl (boy) flies away with the birds",True,7,0.00755939524838013
261,b72b_7,Offended one turns into bird,"Children do not give water to their thirsty mother or mother (step mother, stepfather) does not give water to thirsty child. The offended one turns into a bird and flies away",True,22,0.023758099352051837
262,b73_7,The cuchoo: different legs,Person turns into the cuckoo so quickly that one of his or her legs remains bare or one of her braids not plaited. Now it is believed that the cuckoo has different legs or wings,True,9,0.009719222462203024
263,b73a_7,The cuchoo: in search of lost horse,A girl (with her brother; two small brothers) is (are) in search of the horse or cattle or the girl is in search of her lost brother. She (alone or with her brother; both brothers) turns into a bird (usually a cuckoo; or both siblings turn into birds) that cries in specific way,True,7,0.00755939524838013
264,b73b_7,The cuckoo: in search of lost sibling,"Girl searches for her lost brother, calls him or brother calls his sister, or they call each other, or two lost brothers call each other. One or both siblings turn into birds with specific cry",True,15,0.016198704103671708
265,b74_7,The red-eyed wood-grouse,Eyes of wood-grouse became red because it shed tears,True,11,0.011879049676025918
266,b74a_7,The marriage of the owl and the Moon,Owl had to separate with the Moon and since then cries when the Moon shines. Usually the (proposed) marriage of the owl and the Moon broke up,True,5,0.005399568034557235
267,b75a_7,Sounds of the time of creation: a woman's voice (echo),A certain woman lived in primeval time but her voice is still heard (usually she turns into echo),True,17,0.0183585313174946
268,b75b_7,Sounds of the time of creation: a creaking of trees,"Man pushes his mother-in-law or his wife into a tree hollow, she turns into the creaking of trees or into echo",True,6,0.0064794816414686825
269,b75c_7,Sounds of the time of creation: a murmur of forest and waves,The murmur of leaves or waves of the time of creation is still heard,True,5,0.005399568034557235
270,b76_3,Waves turn into mountains,Waves of the sea petrified and turned into dry land with mountain chains,True,10,0.01079913606911447
271,b77_3,Primeval sky close to earth,"Originally the sky was close to the earth, then it has risen up",True,192,0.20734341252699784
272,b77a_3,Giant pushed the sky up,One or several (animal)-persons push sky up to its present height,True,52,0.056155507559395246
273,b77b_3,Sky touched with a long object,"The sky rose to its present height and/or the direct relations of the sky deity with the people were broken off when the sky or the deity was touched or struck with a long object (a pestle, a broom, etc.)",True,35,0.03779697624190065
274,b77b1_3,Sky touched with a pestle,"The sky rose to its present height and/or the direct relations of the sky deity with the people were broken off when the sky or the deity was pushed up, touched or struck with a pestle or with a ladle during the preparation of food",True,25,0.026997840172786176
275,b77b2_3,Sky touched with a broom,"The sky rose to its present height and/or the direct relations of the sky deity with the people were broken off when the sky or the deity was pushed up, touched or struck with a broom",True,4,0.004319654427645789
276,b77c_3,Serpent pushes sky up,Serpent-like creature pushes the sky far away from the earth,True,4,0.004319654427645789
277,b78_3,Shaking bed makes snowfall,"When person or creature shakes himself or itself, shakes his or her bed, clothes, plucks birds, etc., snow falls down to earth",True,13,0.014038876889848811
278,b79_3,Cosmic egg,"From the primeval egg, eggs, or egg-like ball emerge the earth, the sky, sky bodies, different animals (all or part of the items of this list)",True,36,0.038876889848812095
279,b79a_3,The bird lain an egg,"In the beginning of time a bird flies, lays an egg or eggs, different objects and creatures emerge from them or a bird drops some solid substance on the waters and the dry land or an island appear",True,31,0.03347732181425486
280,b80_3,Measuring of the world,The process of world creation includes the measuring of its size,True,12,0.012958963282937365
281,b81_7,Rifle for dog,Creator and his opponent ponder upon should the dog be able to use a bow or fire-arms,True,10,0.01079913606911447
282,b82_7,The white raven,Raven or other carrion-eating bird of dark color and a similar size was originally white,True,127,0.13714902807775378
283,b83_10,Too heavy bag,Person tries to pick up a small object or creature but it proves to be of enormous size and weight,True,12,0.012958963282937365
284,b84_7,Fungi and excrescences (ogress transformed),"A female demonic person, usually while she is pursuing a man, dies and her flesh turns into objects that are found on trees, like fungi, pitch, fruits or nuts",True,9,0.009719222462203024
285,b85_3,Wind pacified,Wind is too strong and is pacified,True,21,0.02267818574514039
286,b85a_3,Wind regulated,"Wind blows in a wrong way, people can get no game or fish. When a hero overcomes it, it initially becomes too calm but the hero creates the desirable balance",True,9,0.009719222462203024
287,b85b_3,Bag of winds,"Wind was or is in a particular enclosure (bag, cave, etc.). It was released from it or comes out from time to time",True,17,0.0183585313174946
288,b86_3,Babylonian tower,"To reach the sky, people build a ladder or tower that consists of separate modules (bricks, logs, sticks, etc.). This construction collapses",True,61,0.06587473002159827
289,b87_2,Alcor,Alcor (a weak star near the second star of the handle of the Big Dipper) is selected as a particular sky object,True,85,0.091792656587473
290,b87a_2,Alcor is a dog,Alcor is interpreted as a dog,True,19,0.020518358531317494
291,b87b_2,A harnessed wolf,"The handle of the Big Dipper is not straight because a wolf or a bear (identified with Alcor or with the last star of the handle, η) attacked an ox that was dragging a cart",True,8,0.008639308855291577
292,b87c_2,b87c_2,,False,12,0.012958963282937365
293,b88_10,Job,All person's children die. He or she addresses God and asks him why he or she suffers so much,True,4,0.004319654427645789
294,b89_7,Owl as a king of birds,Owl was or wanted to be king of birds or it behaved itself in a wrong way during the elections of the king. Now it avoids other birds and/or other birds chase it,True,24,0.02591792656587473
295,b90_3,Master of wolves,There is an anthropomorphic patron or patroness of wolves. Usually he or she gives instructions to wolves on particular day of the year,True,28,0.03023758099352052
296,b91_7,Sharp-eyed snail,Snail had (the) sharp(est) eyes. Another animal person borrows them and never returns,True,8,0.008639308855291577
297,b92_7,Flint turns into flints,"Person who embodies flint or other hard stone is broken, stones disperse in the world",True,22,0.023758099352051837
298,b93_2,Sky bridge in the mid of summer,Once a year in the middle of summer sky dwellers or messegers of the deity who are at the opposite sides of the Milky Way come together. Usually birds make a chain of their bodies to serve as a bridge across the celestial river and feathers on the birds' heads become worn down,True,6,0.0064794816414686825
299,b93a_2,b93a_2,,False,6,0.0064794816414686825
300,b94_7,Talking trees,Trees and (domestic) animals could talk and asked people not to cut or kill them,True,9,0.009719222462203024
301,b94a_10,Tree grants a wish,"When a man has felled a tree or is going to cut it, the tree or a bird who lived in the trunk grants the man’s wishes",True,9,0.009719222462203024
302,b95_7,Burned bottom parts,Human posterior looks in particular way because certain person burned it,True,4,0.004319654427645789
303,b96_7,Pursuer turns into surgeon ,"Pursuing heroes, a monster falls into water, turns into a big fish or a water mammal",True,5,0.005399568034557235
304,b97_7,Kingfisher’s necklace,"Thankful person decorates a bird who lives near water (kingfisher, loon, goose), thence its appearance (crest, beak, feathers)",True,18,0.019438444924406047
305,b98_7,Bat between birds and animals,Bat becomes outcast among other creatures usually after it makes attempts to join first animals and then birds or vice versa,True,48,0.05183585313174946
306,b98a_7,Bat and funerals,Bat is in conflict with other creatures because of the incident related to somebody's death or funerals,True,7,0.00755939524838013
307,b99_7,Turned into nest of insects,Person abandoned in a tree turns into a nest of insects,True,13,0.014038876889848811
308,b100_3,Getting a sleep,Formerly or in a particular country the sleep was not known;,True,12,0.012958963282937365
309,b101_7,Slashes on birch bark,"Angry against the birch, person beats or cuts it, whence scratches and slashes on its bark",True,9,0.009719222462203024
310,b102_3,Clouds from smoke,Clouds are formed from smoke that ascends from the earth,True,6,0.0064794816414686825
311,b103_7,Cornel-tree fruits,"Person (a devil or a bear) thinks that because the Cornus mas tree (European cornel, male cornel) blossoms before all other fruit trees do, it also brings its fruits early. The cornel fruits become ripe very late, so the person is disappointed and gets no fruits",True,11,0.011879049676025918
312,b104_7,Chicken turns into tortoise,"When a guest comes, a host hides from him a cooked chicken. When the host is going to eat it himself, he finds the chicken transformed into the tortoise (origin of tortoises) or a toad",True,7,0.00755939524838013
313,b105_7,Daughter-in-law turns into hoopoe,Father-in-law gets to see his daughter-in-law when she combs or washes her hair. She is ashamed and turns into the hoopoe (origin of hoopoe),True,3,0.0032397408207343412
314,b106_7,The sky cock,"When the sky cock cries, all the cocks on earth cry after him, not before",True,5,0.005399568034557235
315,b107_7,The black oyster,"During a (world) fire oyster was burned, nor now oyster shells are black",True,2,0.0021598272138228943
316,b108_7,Person turns into snow,Anthropomorphic person broken into small particles turns into the snow that shines under the sun,True,3,0.0032397408207343412
317,b109_7,Person turns into bear,Person turns into bear (origin of bears),True,22,0.023758099352051837
318,b109a_7,b109a_7,,False,3,0.0032397408207343412
319,b110_7,b110_7,,False,6,0.0064794816414686825
320,b110a_3,b110a_3,,False,5,0.005399568034557235
321,b111_7,b111_7,,False,2,0.0021598272138228943
322,c1_3,Reversal of cosmic levels,"The present earth or the underworld is the former sky that has fallen down, or the earth turned in the past upside down, or the layers of the universe collapsed in the past one after another, or they will change their place during the future cataclysm",True,30,0.032397408207343416
323,c2_3,Deluge and conflagration combined,"World is destroyed once with fire or draught, another time with a flood or it is destroyed with a flood of fire or boiling water",True,129,0.13930885529157666
324,c2a_3,Conflagration of the woodpecker,"Two persons meet a woodpecker and as a consequence, the earth burns. The strong and smart person survives, the weak and stupid is burned",True,7,0.00755939524838013
325,c2b_11,The burned Moon,"The Sun and Moon get into conflagration. The Sun survives, the Moon is burned",True,6,0.0064794816414686825
326,c3_7,Hole in arch,During the flood a hole is opened in the arch. An animal stops it up with its own body,True,23,0.024838012958963283
327,c4_3,The flood: fruits fall from a tree,"During the flood or in the beginning of times fruits, seeds or other objects are dropped into water one by one, usually by a person who has climbed a tree. As far as the objects fall, water recedes and the dry land appears",True,38,0.04103671706263499
328,c5a_3,Bird-scouts,"Birds or humans who are later changed to birds are send to explore the earth (is it dry, are any survivals, to bring some dry soil, to investigate why smoke rises to the sky, etc.)",True,119,0.1285097192224622
329,c5b_3,Animal-scouts,"During the creation of the world or after the world cataclysm animals run around making the earth big, reporting about its condition or they are sent to report the size of the growing earth",True,33,0.035637149028077755
330,c6_10,The diver,Persons or animals dive to get something from the bottom of the water body,True,161,0.17386609071274298
331,c6a_3,The diver is turtle or frog,"A turtle, a frog, a toad, or an armadillo brings the desired object from the bottom of the water body or from the lower world",True,31,0.03347732181425486
332,c6b_3,The diver is muskrat or beaver,"A muskrat, a beaver or a nutria brings the desired object from under the water",True,42,0.04535637149028078
333,c6c_3,The diver is a bird,An aquatic bird brings the desired object from under the water,True,70,0.0755939524838013
334,c6c1_3,Birds: successful and unsuccessful divers,Two or more different birds (often a loon and a duck) dive one after another to get earth from under the ocean. Only one of them is successful,True,10,0.01079913606911447
335,c6d_3,The earth-diver,Persons or creatures get from the bottom of the ocean or from the lower world small amount of solid substance which turns into the earth,True,146,0.15766738660907129
336,c6e_3,The diver is a crustacean,A crustacean brings the earth from the bottom of the ocean or from the lower world,True,9,0.009719222462203024
337,c6f_10,Diving for drowned person,Persons or animals dive to get from under the water a drowned person or creature or part of its body,True,9,0.009719222462203024
338,c6g_3,The diver is a wild boar,A wild boar brings the earth from under the water and/or spills it over the water,True,4,0.004319654427645789
339,c6h_3,An insect brings the earth,"An insect brings the earth (from under the water, from a lower world or from a far-away place)",True,6,0.0064794816414686825
340,c6I_3,Dirt stuck to body turns into the earth,Bird or animal returns from the lower world smeared with dirt. It shakes itself or the dirt is scraped off. The dirt turns into the earth,True,6,0.0064794816414686825
341,c7_3,The flood: breaking the dam,"In the beginning of times or after the flood a dam of earth, person or creature does not let water to recede. The dam is broken or opened, waters withdraw",True,28,0.03023758099352052
342,c8_5,The primeval couple of siblings,"In the beginning of time or after the world catastrophe brother and sister or mother and son are the only humans. They marry each other, present people descend from them",True,68,0.0734341252699784
343,c8a_5,Grinding stones match,"Being alone and having no other marriage partners, brother and sister agree to marry each other if a highly improbable event or a series of events will take place. Among the events that take place (alternatively or one after the other) are 1) the siblings let two grinding stones roll from two mountains, the brother's stone falls on the sister's one; 2) brother and sister throw two swords from two mountains, both swords get into one sheath; 3) they throw some objects up, the objects get together; 4) they kindle two fires, columns of smoke get together; 5) they put to grow two stems of bamboo, tops of the stems get together",True,11,0.011879049676025918
344,c8b_5,Siblings change their looks and marry,"In the beginning of time or after the world catastrophe brother and sister or mother and son are the only humans. They reject marriage or only the man does not want to marry his sister or mother. After their looks are changed (or only the sister or mother changes her face) they take each other for strangers, marry and beget the new race",True,10,0.01079913606911447
345,c8c_5,c8c_5,,False,4,0.004319654427645789
346,c9a_7,The flood: people turn into toads,During a flood or when crossing a river those people who drown (or those who survive) turn into toads,True,4,0.004319654427645789
347,c10_7,The flood: the wet tails,"During the flood birds or animals escape to some place (mountain, tree, boat, sky). Tips of their tails or other body parts get covered with water or foam and acquire their present color and form",True,24,0.02591792656587473
348,c10a_7,The flood: birds cling to the sky,During the flood some birds survive clinging to the sky with their beaks,True,10,0.01079913606911447
349,c11_3,Father avenges his son,Person uses his supernatural powers to destroy a large group of people who have offended or insulted his son,True,11,0.011879049676025918
350,c12a_7,The dog and the world cataclysm,"A dog warns people about approaching flood or world conflagration, instructs them what should be done",True,6,0.0064794816414686825
351,c12b_7,People descend from a dog,In the beginning of time or after the flood man marries a bitch. Present people descend from them.,True,25,0.026997840172786176
352,c13_3,The objects’ revolt,"During or before the world cataclysm (deluge, darkness) or (Suruí) in particular place at night, household objects and/or stones, trees, domestic animals turn into wild beasts and monsters",True,35,0.03779697624190065
353,c14_3,Monsters destroy people,"During or before the world catastrophe (deluge, darkness) wild beasts and monsters attack and destroy people",True,59,0.06371490280777538
354,C15_3,The imprisoned feline,Monstrous puma or jaguar is imprisoned in a cave or tree trunk,True,6,0.0064794816414686825
355,c16_10,Processed objects turn into animals,"Against person's will, butchered, dried or cooked meat, tanned hides, etc. turn back into animals or fish and escape.",True,42,0.04535637149028078
356,c16a_3,The offended mistress of animals,Mistress of animals or fish revives them after being offended,True,12,0.012958963282937365
357,c17_3,Fire pit for the people,The men of primeval community destroy most of the people and/or themselves in a fire pit or on the bonfire,True,11,0.011879049676025918
358,c18_3,Dance for the hidden Sun,"Certain person hides valuables or the impersonator of the valuables hides himself or herself from the people. To get valuables, the interest of their owner or imperso­nator is attracted or diverted by way of singing, dancing, playing music, provocative behavior, offering of unusual gifts, sex or alcohol",True,54,0.058315334773218146
359,c19_3,Acquisition of the sun,The primeval ancestors acquire with difficulty the hidden or stolen sun or daylight. (for computing all cases for motif C19A are included into C19),True,189,0.2041036717062635
360,c19a_11,Child plays with the sun,"Persons (usually Raven) turns into child, asks and receives to play luminaries or comes to play with a small daughter of the owner of the luminaries",True,30,0.032397408207343416
361,c22_3,Toad in search of thunder,"In time of severe drought or the world conflagration birds and animals are sent to bring rain from Thunders who live at the end of the world. Some fail, the last one succeeds. Toad takes important part in the action",True,3,0.0032397408207343412
362,c23_3,Tree eclipses sky-light,"Growth and falling of giant tree defines the condition of the sky with luminaries on it (tree eclipses the light of the sun, can destroy the sky, tears the sun off the sky, etc.)",True,19,0.020518358531317494
363,c24_3,The world in danger of falling down,"A tree or pillar supports the sky or the earth. If it collapses, people perish",True,11,0.011879049676025918
364,c25a_2,Cooking soup in the Moon,"The destiny of creation depends on a person (usually an old woman) who is cooking soup somewhere outside of our world (in the sky, in the Moon, etc.)",True,5,0.005399568034557235
365,c25b_2,A spinner in the Moon,"Somewhere outside of our world (in the sky, on the Moon, etc.) certain person is spinning, weaving, plaiting, or embroidering",True,45,0.04859611231101512
366,c25c_2,The Bid Dipper and the end of the world,Change in configuration of the stars of certain constellation (usually Big Dipper) or its disappearance from the sky will be a signal of approaching world cataclysm,True,9,0.009719222462203024
367,c26_3,Guardian at the border of the non-human world,Monsters or ghosts try to invade our world. Powerful person or creature is on guard and prevents the invasion,True,16,0.017278617710583154
368,c27_8,A horn in the ice,"A horned monster breaks ice on river or lake. Usually people walk across frozen body of water, get to see a horn protruding from the ice and try to cut it off. The monster breaks the ice, many people drown",True,12,0.012958963282937365
369,c28_11,Unconsidered promise ,A demon obtains valuables essential for another person's (and for all the people) survival but is tricked to return the valuables,True,9,0.009719222462203024
370,c29_11,A listened in secret,People or God get know a secret thanks to listening in its possessor when he speaks aloud with himself or with his relations. Before this the wise person was usually asked to come and share his knowledge but was offended and went away,True,19,0.020518358531317494
371,c30a_11,c30a_11,,False,33,0.035637149028077755
372,c31_9,The smart hedgehog,"A hedgehog proves to be smarter than other animals (life on earth is saved thanks to him, he deceives a dangerous person, etc.)",True,17,0.0183585313174946
373,c32_8,Beware of cut off nails,The cut off nails (and hair) have special significance for the fate of the soul in the beyond or for the future of the entire world,True,31,0.03347732181425486
374,c33_8,Prometeus (the chained strong man),A strong man who ventured to confront God is for a long time (for eternity) chained to a mountain or to a post,True,10,0.01079913606911447
375,c33a_8,Blacksmiths restore the chain,A strong man is enchained but his chains become ever thinner. When blacksmiths beat their hammers against the anvils the chain becomes thick again,True,9,0.009719222462203024
376,c33b_3,The primordial calm,The primordial race perishes when the wind blows for the first time,True,3,0.0032397408207343412
377,c34a_3,Buried in sand,A supernatural person comes to people who fish. They bury him on the beach or throw him into river or marsh. Somebody saves him. He or his father sends the flood,True,6,0.0064794816414686825
378,c35_3,Cosmic marriage cancelled ,"It becomes known that if the Sun or the Sky marry, great calamity is inevitable. The marriage plans are given up",True,9,0.009719222462203024
379,c35a_7,Wise adviser punished,A zoomorphic person gives wise advise concerning the ways that the Sun should follow. His advise is accepted but he himself is punished by the Sun,True,6,0.0064794816414686825
380,c36_3,The final battle,Gods fight with their powerful adversaries at the decisive battle that changes fate of the world,True,7,0.00755939524838013
381,c37_3,World catastrophe and the sloth,A sloth produces the world catastrophe or saves people from it,True,6,0.0064794816414686825
382,d1_3,Female spirit of fire,"Fire is personified as an (elder) woman, alone or with her husband, master of fire",True,64,0.06911447084233262
383,d1a_3,Mother-in-law is the Fire,Girl marries man whose mother is Fire,True,5,0.005399568034557235
384,d1a1_3,Mistress of fire carries away woman’s baby,"Because a woman offended the fire, its mistress carries the woman’s baby away",True,4,0.004319654427645789
385,d1a2_3,The borrowed object is not burned,House of a person who insulted the fire is destroyed but an object or a child of another person who was nice to the fire has not been burned though it was in the house of the first person,True,3,0.0032397408207343412
386,d1a3_3,d1a3_3,,False,4,0.004319654427645789
387,d1b_3,Male spirit of fire,"The fire is personified as an elder man (alone or with his wife, mistress of fire)",True,69,0.07451403887688984
388,d2_3,Woman gives birth to the fire,A woman gives birth to a son who is very hot (usually the fire or Sun),True,8,0.008639308855291577
389,d4a_3,Theft of fire,Fire is stolen from its original owner or brought back to the people from somebody who had stolen it before,True,281,0.30345572354211664
390,d4aa_7,Moth is sent to steal fire,Moths try to get fire from people and to bring it to somebody else,True,9,0.009719222462203024
391,d4b_3,Retribution for using fire,Person or people who have stolen fire or asked its owner to share the fire are punished by God,True,7,0.00755939524838013
392,d4c_3,Acquisition of summer,Warm season is obtained from its original owners,True,22,0.023758099352051837
393,d4c1_11,Swimming elk diverts attention,Animal-people come to steal summer from its owner. One of them in guise of an elk or caribou diverts the owners' attention or puts to float a log that the owner takes for an elk and pursues. The summer is successfully stolen and brought to the people,True,6,0.0064794816414686825
394,d4d_7,Opossum steals fire,Opossum steals fire for people,True,10,0.01079913606911447
395,d4e_7,Coyote or fox obtain fire,"Coyote or fox bring people the fire, the daylight or the Sun",True,43,0.04643628509719223
396,d4e1_7,Dog obtain fire,Dog brings people fire,True,25,0.026997840172786176
397,d4f_11,Beaver or fish let themselves to be roasted,"Beaver (in North American) or a small fish (in South America) lets fire owners catch and roast it, then revives and carries the fire away",True,13,0.014038876889848811
398,d4g_7,Hummingbird obtains fire,"Hummingbird steals for people, discovers or spreads the fire",True,18,0.019438444924406047
399,d4h_7,Swallow obtains fire,Swallow steals fire for people,True,6,0.0064794816414686825
400,d4i_7,Beaver obtains fire,Beaver steals fire for people,True,10,0.01079913606911447
401,d4j_7,Rabbit obtains fire,"Fire owner, stealer, or stealer's companion is a rabbit, a hare or (among the Ofaie) a guinea pig",True,23,0.024838012958963283
402,d4k_7,Deer obtains fire,Dear steals fire for people,True,8,0.008639308855291577
403,d4l_3,Fire from the sky,First fire is sent to earth from the sky or the ancestors ascend to the sky and bring from there fire or warmth,True,49,0.052915766738660906
404,d4m_11,Fire owners dance,Person comes to the owners of fire or light. They feast and dance. He joins them and in a proper moment carries away the valuables,True,24,0.02591792656587473
405,d4n_11,Person weeps asking for summer,"A boy or (among the Kutenai) a woman weeps, asking for an element that is absent, i.e. for summer, fire, or rain",True,12,0.012958963282937365
406,d4o_11,Fire stealer pretends to be wet and cold,"To steal fire from its owner, person pretends to be wet or cold and is granted permission to sit near the fireplace. In a proper moment the stealer carries the fire away and brings it to people",True,23,0.024838012958963283
407,d4p_7,Parrot or parakeet obtains fire ,Parrot or parakeet steals fire for people. (Australian data not computed because historically definitely unrelated to the Tropical American data),True,9,0.009719222462203024
408,d5_3,A woman and the,Female person is the owner or inventor (but not personification) of fire,True,71,0.07667386609071274
409,d5a_3,Fire in woman’s genitals,First fire was hidden in genitals or anus of a woman,True,17,0.0183585313174946
410,d6a_7,Fire and crocodile,Crocodile or cayman is an original or temporary owner of fire or lighting,True,17,0.0183585313174946
411,d6b_7,Burned person becomes a caiman,Badly burned person turns into caiman or crocodile,True,9,0.009719222462203024
412,d7_7,Fire and toad,"Frog or toad possesses the fire, steals it from original owner, tries to extinguish or to save it",True,41,0.04427645788336933
413,d8_7,Fire and a predator animal,"Fire or summer is stolen from a big predator: a lion (in Africa), a tiger (in Asia), a bear (in Siberia and North America) or a jaguar (in South America)",True,29,0.03131749460043196
414,d9_7,Fire and vulture,"Raven or other big dark-feathered bird scavenger is the owner, personification, spouse, obtainer or stealer of fire, daylight, or the Sun",True,65,0.07019438444924406
415,d10_6,Firesticks are two persons,A male and a female persons personify fire-sticks,True,9,0.009719222462203024
416,d11_6,Food baked in armpits,"Before fire became known, people prepared food using warmth of their bodies (usually putting food in their armpits); or a person keeps fire in his or her armpits",True,19,0.020518358531317494
417,d12_6,Food baked in the sun,First people or inhabitants of a distant country cook food in the sun; or fire owner lies that he or she cooks food in the sun,True,57,0.061555075593952485
418,d12a_3,Heat of the sun is enough for cooking,"To cook their food, people use heat of the sun because they live close to its origin",True,4,0.004319654427645789
419,d13c_11,Trickster makes his brother’s wife laugh,"Two companions or brothers live together. The elder conceals his wife from the younger. In his absence, the younger tries to make the woman laugh and this way to get know her hiding place",True,6,0.0064794816414686825
420,d13d_11,To make hidden woman laugh,Woman is hidden somewhere inside the house. Man makes her laugh to discover her,True,13,0.014038876889848811
421,d13e_10,Hunters laugh at killed animals,Hunters perish because they were laughing at the killed (and revived) animal,True,5,0.005399568034557235
422,d13f_3,Laughter and fire,Laughter triggers emergence or spread of fire. Usually fire is obtained from a creature when it bursts out laughing,True,14,0.01511879049676026
423,d13g_8,Meet seen on teeth,"When person laughs, people see his or her monstrous mouth (many teeth, human meat on teeth). They kill the monster or escape from it",True,12,0.012958963282937365
424,d13h_8,The dead should not laugh,Person should not laugh in the world of the dead,True,10,0.01079913606911447
425,d13hh_8,Not to laugh visiting the dead,Person who visits the other world should not laugh or demonstrate his surprise seeing strange and funny things,True,14,0.01511879049676026
426,d13i_11,Broken tooth,"Person knows that the deceiver and trickster has one of his teeth broken. To identify him, person makes others laugh and thus open their mouths",True,12,0.012958963282937365
427,e1a_5,First people of unstable materials,"First human beings are made of unstable materials (mud, wax, fire, honey, etc.) and unviable",True,7,0.00755939524838013
428,e1b_5,Person of unfit materials,Certain person is made of improper material and proves to be short-lived or unfit for fulfilling his functions,True,74,0.07991360691144708
429,e1c_5,Person of excrements,Certain person is made of human excrement or carrion,True,19,0.020518358531317494
430,e1d_6,Canoes of clay,First canoes were made of unfit materials,True,8,0.008639308855291577
431,e2_5,People made for a test,"Making people, creator does not reach perfection immediately. First variants of creation are rejected, then proper form and material found",True,23,0.024838012958963283
432,e3_5,New people from bones,"After destruction of previous world, new people (rare: new earth) are made from the bones of the perished race",True,11,0.011879049676025918
433,e4_3,Creation from cuticle,"Supernatural person rubs his or her skin, creates the entire earth, human or other beings of dirt and cuticle",True,28,0.03023758099352052
434,e5_5,Half-made man attempts to stand up,God makes the first man of clay. The man must wait till he is dried up but makes attempts to stand up before time,True,3,0.0032397408207343412
435,e5a_5,Mankind ascends from the underworld,"First people (or only first men or first women) are not created but come to earth from the underworld or from a small enclosure under the earth or on its surface (tree trunk, rock, gourd, etc.). Many people of both sexes and of different age or people and different species of animals come out together",True,153,0.1652267818574514
436,e5aa_5,People grew like a grass,"The first people grew or crawled out of the earth like a grass, mushrooms, worms, etc.",True,15,0.016198704103671708
437,e5b_5,First couple from the underworld,"First man or first human couple come out from the underworld or from a small enclosure on its surface (tussock, reed, tree, rock, gourd)",True,70,0.0755939524838013
438,e5c_5,People from the sky,The first people or first anthropomorphic divine beings descend to earth from the sky.,True,125,0.13498920086393087
439,e5d_5,Predator devours emerging people,People live underground or in a small enclosure. When they come out they are attacked by monster or dangerous animal. Monster is killed or transformed,True,17,0.0183585313174946
440,e5e_5,The two-headed one is not allowed to come to the earth,First people or animals ascend or descend to earth. The two-headed monster attempts to follow them but is prevented from coming to the earth,True,6,0.0064794816414686825
441,e6_5,Because of a woman worlds become isolated,"When a woman of the child-bearing age tries to come from one world to another (e.g. from sky to earth), the communication between the worlds is blocked or broken forever",True,25,0.026997840172786176
442,e6a_5,Way across waters,"To reach their present country, people had to pass (frozen) water body. Part of the migrants remain on the opposite side or is drowned",True,6,0.0064794816414686825
443,e7_5,Person stuck in a cosmic hole,"To descend from the sky, ascend from the underworld or come out of the cave, people must pass through narrow hole. A person is stuck in the hole blocking forever communication between different parts of the universe",True,21,0.02267818574514039
444,e8_5,People of wood,The first people or (the first) woman (wife of a primeval ancestor) are made of wood,True,58,0.06263498920086392
445,e8a_5,Women from coconuts,Coconuts picked off a palm or fallen to the ground (rare: leaves picked off a tree) turn into women or into both women and men,True,6,0.0064794816414686825
446,e9_10,The mysterious housekeeper,"A man (rare, a woman) lives alone. In his or her absence, somebody puts his or her house in order, prepares his or her meals or (rare) eats food up, makes a disorder. He or she discovers that a woman (a young man) lives unrecognized (in animal form, hiding in an object) in or near the house or comes during his or her absence",True,219,0.23650107991360692
447,e9a_5,Fox-wife,Man maries fox-woman,True,10,0.01079913606911447
448,e9aa_5,Fox-wife in animals’ den,In search of his lost fox-wife man comes to a den. Different animal- or bird-women come out and ask him if he would mary them. He refuses and they let him in,True,4,0.004319654427645789
449,e9b_5,Turtle-wife or snail-wife,"The mysterious housekeeper is a water creature (turtle, snail, shellfish)",True,7,0.00755939524838013
450,e9c_5,"Elephant-, buffalo-, elk-wife","Man marries a woman who has a nature of a big non-predatory animal or comes out of its body (elephant, buffalo, doe, elk, etc.)",True,32,0.03455723542116631
451,e9d_5,Dog-wife,Man marries dog-woman,True,36,0.038876889848812095
452,e9e_5,Puppy as a reward,"Youth gets to supernatural beings, rejects any treasure, asks for a puppy, a dog's skin, a fruit, etc. When he returns home, the puppy (skin, etc.) turn into magic wife",True,14,0.01511879049676026
453,e9f_5,Parrot-wife,Man maries parrot- or parakeet-woman,True,19,0.020518358531317494
454,e9g_5,Vulture-wife,Man marries vulture-woman,True,16,0.017278617710583154
455,e9h_5,Dove-wife,A man marries dove-woman or a woman marries dove-man; supernatural woman or man takes form of a dove,True,68,0.0734341252699784
456,e9i_5,Swan-wife,"Man marries swan- (or goose-, duck-, crane-)woman; supernatural woman takes form of a swan, etc.",True,65,0.07019438444924406
457,e9j_5,Monkey-wife,Man marries monkey-woman; supernatural woman takes form of a monkey or the man pretends that the house-keeper is a monkey,True,7,0.00755939524838013
458,e9k_5,Spouse is honey (bee),A man or a woman is incarnation of the honey or a bee-person,True,6,0.0064794816414686825
459,e10_5,Pets turn into children,A lonely woman or married couple surprises birds or animals who live in their house and take their skins off when nobody looks at them. Birds or animals (usually pups) become children,True,30,0.032397408207343416
460,e11_10,The burned skin,Magic person reveals his true nature and/or remains with the real people after the object responsible for preserving the non-human appearance (usually an animal skin) is destroyed (usually burned),True,144,0.15550755939524838
461,e13a_6,Ritual objects from under the water,People obtain ritual objects from under the water or brings them back to the underwater world,True,13,0.014038876889848811
462,e14_6,Rituals from the dead,Rituals are obtains from ghosts,True,15,0.016198704103671708
463,e14a_6,Masks represent the killed demons,People prepare ritual costumes and masks coping the features from the real demons whom they have killed,True,5,0.005399568034557235
464,e15_6,Ducks and canoes,People learn from aquatic birds how to make canoes or how to paddle; or the first canoe is a transformed bird or is made of bird bones,True,20,0.02159827213822894
465,e15a_6,Breast bone as a canoe model,Frame of canoe is made according to breast bone of a bird,True,7,0.00755939524838013
466,e15b_6,Birds sew canoe covering,"While man is asleep, birds turn into girls and sew covering of his canoe",True,7,0.00755939524838013
467,e16_6,Paddles edgewise,"Riding in canoe, people first turn paddles edgewise, then learn the correct way to use them",True,9,0.009719222462203024
468,e17_6,Origin of design,"Humans acquire (the idea of) ornamentation of the vessels, baskets, body, etc. after somebody gets to see the pattern on the skin of zoomorphic and/or supernatural creature. Design on the objects copies (is an imprint of) a pattern on such a skin",True,12,0.012958963282937365
469,e18_6,Snakes and containers,People learn how to decorate ceramics or baskets (usually learn decorated patterns) thanks to a water creature,True,10,0.01079913606911447
470,e19_6,Origin of drugs: person torn to pieces,Narcotic plants emerge from the body parts of a person who was torn to pieces by others,True,5,0.005399568034557235
471,e20_6,Fish poison person,"Entering water, certain person makes fish die. From parts of his body or from his grave grows plant used to prepare fish poison (timbo)",True,17,0.0183585313174946
472,e21_10,Avenged victim of water creatures,Child fishes with poison or his or her body produces fish poison. Fish or water snake kills him or her. The perished child is avenged,True,10,0.01079913606911447
473,e22_6,Swallowed person obtains knowledge,"Getting into the body of certain being, person obtain knowledge of rituals, songs, ornaments, poison or drugs and then brings it to people",True,9,0.009719222462203024
474,e23_5,Fleas make person move,"A handful of fleas or lice is thrown into people or into particular person. It was the only way to make him, her or them move and live",True,9,0.009719222462203024
475,e24_5,Origin of elbows and knees,Human arms and legs become pliant (get joints) when a primeval ancestor(s) fall from height and break his arms and legs,True,5,0.005399568034557235
476,e26_5,Fished out people,"Man fishes with a hook. Thrown on the ground, the fish turn into the first humans or into the women. (Stories about fishing of women in human guise not included).",True,13,0.014038876889848811
477,e27_5,People from drops of blood,People emerge from drops of blood that fall from the sky,True,10,0.01079913606911447
478,e29_5,Lizard gives proper hands,Two persons (usually Coyote and Lizard) argue if people's hand has to be like a paw or people should have fingers,True,14,0.01511879049676026
479,e30_5,The make-believe spouse of wood,"Person does not have a spouse, uses wooden fakes for his wife or her husband",True,18,0.019438444924406047
480,e30a_5,Make-believe spouse replaced with alive person,"Person does not have a spouse, uses wooden fakes for his wife or her husband till alive person comes to replace it",True,13,0.014038876889848811
481,e31_5,Pygmalion,"Man makes a wooden doll, makes believe that it is alive. Really it is not or it is half-alive. Usually a real woman takes place of a doll, marries the master",True,15,0.016198704103671708
482,e31a_11,Creators and rescuers of a girl,Several men take part in creation or reanimation of a girl (rare: a bird) or several women take part in the reanimation of a dead man or they differetly express their grief. It is asked whose role was crucial (who behavior more noble) and/or who should be the spouse of the reanimated person,True,106,0.11447084233261338
483,e31b_11,Rescuers of a man,Several women take part in the reanimation of a dead man. They argue whose role was crucial and/or who of them should be the spouse of the reanimated person,True,6,0.0064794816414686825
484,e32_5,People born from trees,"First people are born by trees or come out of a tree, flower, reed",True,83,0.08963282937365011
485,e33_5,People from seeds,"People emerge from grains, seeds",True,14,0.01511879049676026
486,e34_5,Sacred flutes from ogre’s remains,Ogre is killed. Musical instruments used in male rituals and taboo for women emerge from his remains,True,4,0.004319654427645789
487,e35_5,Webbed fingers,"First people or people made by Creator's rival were imperfect, not completely anthropomorphic (often: had webbed fingers)",True,29,0.03131749460043196
488,e36_5,Hard covering of the body,Human body was protected with a hard layer now preserved only on fingers and toes as nails,True,29,0.03131749460043196
489,e37_5,Peoples from sticks,"Creator takes many small sticks, transforms them into people of both sexes and all ages",True,11,0.011879049676025918
490,e38a_5,Woman gives birth to many embryos,"Woman gives birth to a gourd, a bag (with eggs), a piece of meat. The flesh is cut into pieces which turn into people or many people come out of the gourd or bag",True,19,0.020518358531317494
491,e38b_5,People from gourd,"After the world cataclysm or in the beginning of times a gourd survives or appears, new people come out of it",True,17,0.0183585313174946
492,e39_5,Pig ancestor,A pig is an ancestor of a particular group of people,True,14,0.01511879049676026
493,e40_5,Nostrils upside,First people have noses with nostrils upside and are in trouble when it rains,True,3,0.0032397408207343412
494,f1_5,First woman is a transformed man,Woman or female supernatural is created by changing the sex of a man,True,42,0.04535637149028078
495,f2_5,Pregnant limb,"Child is born from a tumor or swelling on person's body (on thigh, knee, finger, etc.) or is temporarily placed there or child grows from blood that flew out from a cut",True,89,0.09611231101511879
496,f4_5,Child born in jug,"In the beginning of times, a particular person or children in general was or were conceived and grown up in pots, heaps of mud, etc. and not in a womb",True,20,0.02159827213822894
497,f5_5,Brides for first men,Person cannot or do not want to give his daughters in marriage to all the men who claim them for wives and transforms animals into girls. (Usually in the beginning of times or after the flood many men come to marry the only daughter of God or patriarch),True,13,0.014038876889848811
498,f5a_11,Artificial bride,"Person has to give his daughter or sister in marriage. Having no woman to suggest or not wanting to give her, he makes artificial girl (of wood, snow, etc.), sends servant girl instead daughter, turns into woman himself, or recognizes his fault when he feels that it is save to do so",True,26,0.028077753779697623
499,f6_5,Gouged our vagina,Woman has no vagina and it is later made by bird or animal,True,23,0.024838012958963283
500,f7_5,The water-maiden,"Man takes or attempts to take a wife who is connected with the underwater world (fish, crab, snake, water animal and the like)",True,131,0.14146868250539957
501,f8_5,Women and men come together,Initially women and men live apart from each other. Later they meet each other and become to live together,True,36,0.038876889848812095
502,f9_5,A dangerous woman,"For different reasons, sexual contact with a woman is deadly dangerous for a man",True,198,0.21382289416846653
503,f9a_5,Vagina dentata,"There are teeth or sharp stones in vagina, vagina is a toothed mouth",True,105,0.11339092872570194
504,f9b_5,Piranha in vagina,Biting piranha is in woman's genitals,True,18,0.019438444924406047
505,f9c_5,Snake in vagina,"Snake or (in Polynesia: eel) is in vagina, vagina is a mouth of a snake$ or a woman with toothed vagina is associated with a snake$ or a snake crawls out of woman's mouth to bite a man during the copulation",True,24,0.02591792656587473
506,f9d_5,Scorpions in vagina,There are dangerous insects in woman's genitals,True,14,0.01511879049676026
507,f9e_5,Mice in vagina,There are small mammals with sharp teeth in woman's genitals.,True,8,0.008639308855291577
508,f9f_10,Asmodeus,"Demon (snake) regularly kills woman’s husbands during the first night, the woman herself being ignorant about the reason of their death",True,24,0.02591792656587473
509,f9f1_8,Snake inside woman,"Poisonous snake (snakes, scorpions) comes out of the mouth of a woman {Motif F9f1 and K100c are almost identical but F9f1 links to a cluster of etiological/cosmological motifs related to the idea of a dangerous woman while K100c is related to adventures}",True,30,0.032397408207343416
510,f9f2_10,Hood of cobra in wife’s bag,Woman’s snake paramour is killed. She puts part of his body into her bag and gets a right to kill her husband if he woulod not guess what is inside. At the last moment the husband gets to know the secret and kills the woman,True,2,0.0021598272138228943
511,f9g_10,Brunhilde,A strong woman overcomes and kills suitors. Hero's helper whips and tames her. Hero marries her,True,43,0.04643628509719223
512,f10_5,Teeth knocked out,"Woman has another toothed mouth (usually in vagina) or biting animals in vagina. Man inserts there a stone, bone, stick, etc. breaking or knocking out the teeth or extracting from there dangerous animals",True,71,0.07667386609071274
513,f11_5,Biting penis,"Penis is biting, stinging, eats food",True,16,0.017278617710583154
514,f13_7,Red penis of primates,Human or monkey's genitals becomes red after being injured during copulation with the girl who had toothed vagina or had not any vagina,True,8,0.008639308855291577
515,f14_5,Son of a rock,Male person copulates with a rock and it gives birth to a hero,True,12,0.012958963282937365
516,f15_11,Trickster’s penis masked as a plant,Rape of a girl is misled into sitting down on a plant which in reality is a penis,True,10,0.01079913606911447
517,f16_5,Men and women: exchange of anatomical characteristics,"Initially men possessed women's biological traits and vice versa (beard, menses, breasts, bearing children)",True,49,0.052915766738660906
518,f17_5,Misplaced genitalia,Women or men originally had or had to have their genitals not on the place where they are now,True,31,0.03347732181425486
519,f18a_5,Long penis after prohibited sex,"After contact with a non-human or prohibited partner (close kin, animal, spirit) man's penis becomes so long that he had to carry it in a basket, etc.",True,27,0.029157667386609073
520,f18b_5,Penis crawls to women,Man's penis is so long that he can turn it round his waist or send into a woman who is at a long distance from him,True,74,0.07991360691144708
521,f18c_11,Girls at the opposite bank,"Seeing a girl on the opposite bank of a river, person uses tricks to have sex with her: sends his long penis, a stream of his seed or some object across the river into her vagina; transforms his penis into a bridge or a dam; dives and copulates with a girl from under the water",True,26,0.028077753779697623
522,f18d_5,Long clitoris,Female genitals are as long as a big snake,True,14,0.01511879049676026
523,f19_5,Dangerous frog paramour,"After copulation with a frog, man's penis is injured",True,11,0.011879049676025918
524,f20_5,A strong embrace,Man and woman embrace each other forever or for a long time,True,29,0.03131749460043196
525,f21_5,"Woman turns into a tree, penis captured","Man copulates with a woman who turns into tree or rock, his penis is captured in it",True,5,0.005399568034557235
526,f22_5,Study of partner’s body,Person asks another person of the opposite sex about destination or place of her or his genitals. Usually it is made after putting questions about function of other body parts; or person tries to use for sex different parts of the partner's body or tests them before reaching the best place where the genitals should be put,True,43,0.04643628509719223
527,f23_5,Origin of menses: sexual act,Women menstruate because they bled in primeval time after the first defloration,True,18,0.019438444924406047
528,f24_5,Origin of menses: a bite,Women bleed because fish or snake bites them. Usually it is invisible fish inside their body,True,9,0.009719222462203024
529,f25_5,Origin of menses: girl smeared with blood,Woman is smeared with blood or red paint. Since then women menstruate,True,26,0.028077753779697623
530,f26_5,Origin of menses: sacred objects lost,"The transition of sacred sound instruments (bull-roarers, big trumpets, etc.) from women to men is connected with beginning of menses among the women",True,5,0.005399568034557235
531,f27_5,Girls and the water spirits,For girls and young women it is dangerous to come near water. Water creatures swallow them or drag away; a girl can die or become pregnant from a spirit; she can trigger a flood (rare: other cataclysm). Water spirits can come themselves to a girl who has her periods,True,49,0.052915766738660906
532,f28a_5,Primeval penis,"There is only one monstrous penis, a husband of primeval women or the amazons, usually growing out of earth or out of water in a lake",True,16,0.017278617710583154
533,f28a1_8,Jumping penis,Alive penis exists as a separate being able to move and attack people,True,4,0.004319654427645789
534,f28b_10,Penis of wax,"Certain woman masturbates with a penis made of wax, gourd, wood, radish, etc. Usually her husband or male relative smears it with chile; the woman is hurt or killed",True,15,0.016198704103671708
535,f28c_10,Bear penis in hands of old woman,Woman masturbates with penis of a big animal killed by her husband or grandson,True,12,0.012958963282937365
536,f28d_5,Artificial conception,Woman conceives after masturbating with an artificial penis,True,12,0.012958963282937365
537,f29_5,Girl sits on the ground,"A girl or young woman who is usually occupied with domestic work (is cooking, weaving, etc.) sits on the ground and copulates with a penis-like creature that crawls from below into her vagina",True,26,0.028077753779697623
538,f29a_8,Worm killed with boiling water,"To kill snake or worm paramour of a woman or girl, person pours on it boiling water, resin or spills live coals",True,10,0.01079913606911447
539,f30_5,Snake paramour,"Woman or girl takes eel, snake, lizard, or worm for paramour. People kill or badly injure the paramour, the woman and/or her progeny or the woman herself is transformed into snake",True,113,0.12203023758099352
540,f30a_5,Worm-baby,"Woman is nursing a worm, caterpillar or reptile as her baby. People kill the monster",True,14,0.01511879049676026
541,f31_5,The broken egg,Girl or woman is imperceptibly impregnated by snake when the content of a broken egg of a snake flows into her vagina or when she touches a dead snake,True,16,0.017278617710583154
542,f32_10,Tree fruits for a woman,"Baby child or children who come out of mother's womb and turn themselves into adult men or a snake who lives in her womb climb up a tree and help the woman to gather fruits, bark, edible fungi, etc. Usually the child who is a snake returns to his mother's womb and adult man turns back into a baby; or the girl's love affair with a snake is discovered when her father climbs a tree to gather fruits for her",True,29,0.03131749460043196
543,f33_5,Water creature paramour,"Certain woman or a group of women take for paramour a big water animal (caiman, otter, sea-lion, whale, anaconda; rare: water bird, crab), water spirit or monster. Husbands, brothers or (adoptive) children kill or maim paramour and/or (sometimes) the woman",True,64,0.06911447084233262
544,f34_5,Land animal paramour,"Certain woman or a group of women takes for a paramour a big land animal. Husbands, brothers or (adoptive) children kill or maim paramour and (sometimes) the woman",True,71,0.07667386609071274
545,f35_10,Paramour mutilated,"Person (usually a woman, rarely a man) has a monster or animal paramour or married woman has human lover. Legal marriage partner or close relative kills or maims paramour and serves his or her meat to the person (usually husband or brother serves paramour's penis to his wife or sister)",True,95,0.10259179265658748
546,f36_10,Sons kill paramour,The (adoptive) children or grandchildren and not person's spouse or brother kill the paramour of their (step)mother or father,True,39,0.042116630669546434
547,f37_10,Gourd vessel put on the surface of water,Person knocks the gourd vessel that floats above the water to call water monster or serpent. Usually a woman calls this way her monstrous paramour,True,14,0.01511879049676026
548,f38_5,Women and sacred knowledge,"Women were possessors of the sacred knowledge, sanctuaries or ritual objects which are now taboo for them or they made attempts to acquire such a knowledge or objects",True,59,0.06371490280777538
549,f39_5,The epoch of women,"The women dominated over the men in the past or in a far away land, were the active part in marriage relations, practiced activities which now are reserved of the men only",True,62,0.06695464362850972
550,f40a_5,Husband of the first women,An anthropomorphic male or an androgyne is the only possessor or leader of women,True,36,0.038876889848812095
551,f40b_5,A man in a village of women,A man gets into the village of women. Usually he has to satisfy every woman against his will or every woman claims him for herself,True,48,0.05183585313174946
552,f40c_10,Patriarch kills the boys,A powerful man kills every baby boy born by his wives or by his sister,True,12,0.012958963282937365
553,f41_5,The men kill the women,The men of primeval community kill the women because of their unsocial behavior,True,15,0.016198704103671708
554,f42_5,The men abandon the women,The men feel themselves offended by the women and abandon them,True,18,0.019438444924406047
555,f42a_5,Men turn into birds,"Young men and boys turn into birds or bats, fly away",True,8,0.008639308855291577
556,f43_5,First women disappear,The women of the ancestral community kill or abandon the men,True,32,0.03455723542116631
557,f43a_5,The women kill the men,"The women of the ancestral community kill, try to kill or transform the men",True,20,0.02159827213822894
558,f43b_5,Women disappear under the ground,"When women of the ancestral community abandon the men, they disappear in the opening that leads underground",True,5,0.005399568034557235
559,f43c_5,Bat-husbands,"Marriage partners of the primeval women, the amazons or a solitary woman are small animals (usually flying foxes)",True,6,0.0064794816414686825
560,f44_5,Women and men separate,The women and the men of the primeval community quarrel and abandon each other,True,45,0.04859611231101512
561,f45_5,The amazons,There are (or were) women who live apart from men in their own village or villages,True,147,0.1587473002159827
562,f45a_5,Conception from wind,"Before women got know how to conceive children from men, they exposed their genitals to the wind, sun and water; the women who live alone without men conceive children this way",True,19,0.020518358531317494
563,f46_5,One for all,The only existing or available woman is used sexually by many men (animal people),True,21,0.02267818574514039
564,f46a_10,Woman in a tree,Men (animal people) discover a woman in a tree and copulate with her there,True,8,0.008639308855291577
565,f47_5,Pieces of flesh turn to persons,"The body of the of a living creature (woman or snake) is cut into pieces. Every man gets his piece, new women emerge from them",True,11,0.011879049676025918
566,f47a_5,Men use pieces of woman’s flesh,Every man uses for copulation certain part of an only woman or takes a part of her body after it was cut into pieces,True,8,0.008639308855291577
567,f48_5,Why women are different,Different women are not similar physically because pieces of the first woman's flesh distributed between men were of unequal quality or because males who copulated with her had different nature,True,4,0.004319654427645789
568,f49_5,The abnormal birth,Cesarean operation upon a woman at childbirth as a custom,True,63,0.06803455723542116
569,f49a_5,Animal explains how to give birth,"A small animal (mouse, rat, rabbit, opossum, a bird) explains a woman how she can deliver her child in a natural way",True,9,0.009719222462203024
570,f50_5,The often-born children,Child or children come out of mother's womb and return back,True,34,0.0367170626349892
571,f51_5,Clandestine lover,"Person who conceals his or her identity comes to his or her lover at night. Next time, the lover puts a mark on the stranger's face, body or clothes doing this intentionally (to recognize him or her) or by chance (that leads to the identification)",True,108,0.11663066954643629
572,f51a_5,Aggressive sister,"When incest relations with her brother come to light, the sister openly claims her brother for a husband, turns into monster, kills people",True,5,0.005399568034557235
573,f51b_10,Following thread,"To get know the nature or locality of a person, another fastens a thread to his body and follows it",True,13,0.014038876889848811
574,f52_5,Pubic hair for a bird’s crest,A bird person gets his crest putting on his head a pubic hair of a woman or part of her genitals,True,10,0.01079913606911447
575,f53_5,Ugly husband,An ugly man marries a girl but conceals his face. Marriage is ruined after his face is seen,True,19,0.020518358531317494
576,f53a_5,Bat or owl hides his face,A man hides his face from his wife because she does not know that he is a nocturnal being (a bat or an owl),True,16,0.017278617710583154
577,f54a_5,Imperceptible scar (husband proves to be son),"After a rather long marriage, wife discovers some minor traits in her husband guise that help her understand that he is not a proper marriage partner but her close kin (brother or son) or a transformed animal",True,7,0.00755939524838013
578,f54b_10,Traces of feathers,A youth or boy decorated with feathers and paint copulates incognito with his mother or sister. They discover his identity noticing on his body traces of feathers or paint,True,3,0.0032397408207343412
579,f55_5,What do you want?,"A woman cannot understand what does her partner want. She points at, names or suggests different things. At last she points at, names or exposes her genitals. This is the right answer",True,16,0.017278617710583154
580,f56_11,Watching vagina triggers incest,"A man or boy thinks about incest when he gets to see his daughter(-in-law)'s, sister's, or mother(in-law)'s vagina",True,24,0.02591792656587473
581,f56a_11,Shavings into the fire,"To create opportunity to see female genitals, a man throws something combustible into the fire which makes the woman fall on her back and expose her vagina",True,7,0.00755939524838013
582,f58_11,Trickster and women,A man cohabits with a group of women (or with several women in succession) concealing his identity and/or intentions. He is either eventually exposed and punished by women or escapes to continue his tricks,True,41,0.04427645788336933
583,f59_11,Man to woman: modified body,"To make believe that he is a female, a trickster transforms particular objects or creatures into female body parts or into a baby child",True,17,0.0183585313174946
584,f60_11,Trickster cures maiden,A girl gets sick. A man comes to cure her but only copulates with her or makes an attempt to do so,True,18,0.019438444924406047
585,f61_11,Trickster rapes a woman who carries him on her back,"A man pretends to be weak, ill or injured, asks a woman to carry him on her back. When she agrees, he makes attempt to copulate with her",True,19,0.020518358531317494
586,f62_11,Incognito at the dancing party,An (ostensibly) sick person remains at home when other go to the dancing party. The person comes by himself or herself looking like a handsome man or beautiful girl. The man (woman) does not recognize him (her) and suggests to make love,True,17,0.0183585313174946
587,f63_11,Trickster poses as woman and marries man,"A male person turns into woman and marries a man. He is either unmasked or abandons his ""husband"" by his own will",True,53,0.05723542116630669
588,f64_11,The lecherous parent,Person changes his or (rare) her guise to marry his or her close relative in descending or (rare) ascending line,True,69,0.07451403887688984
589,f64a_11,Describes future husband,"Going away or pretending to die, a person bids his or her relative to marry another person who resembles him (her) or has some special traits; or he describes a man who should be met as a dear guest; person comes himself unrecognized and is taken for one whom he had described",True,56,0.06047516198704104
590,f64b_11,Incestuous woman,"A woman pretends to be a stranger to have sexual relations with her (grand)son, daughter or brother",True,31,0.03347732181425486
591,f65_11,The false burial,"To realize his or her secret desire (illicit sex, refusal to share food with relations), person pretends to die and is abandoned at a burial place",True,105,0.11339092872570194
592,f65a_10,Death feigned to meet paramour,Person pretends to die. His or her wife or husband abandons him or her on a burial place. He or she marries his or her paramour,True,43,0.04643628509719223
593,f65b_11,Death feigned to eat burial food,Man pretends to die because he does not want to share food with the others and eats it alone at his burial place,True,24,0.02591792656587473
594,f65c_11,The feigned burial: boy exposes deceit ,"A man feigns death to marry his daughter or to eat burial food. One of the younger children recognizes the (adoptive) father or gets to see that the false dead is alive (escapes from the burial pyre, laughs, etc.)",True,25,0.026997840172786176
595,f65d_11,The feigned burial: wife does not believe,"A man feigns death and is abandoned at the burial place. His wife (mother, aunt) gets to know about the deceit and provokes the man to show that he is alive",True,9,0.009719222462203024
596,f66_11,The false house,"Person’s father, grandson, brother, or sister pretends to be a stranger to commit incest (accordingly with the daughter, grandmother, sister, or brother), or a husband shams to be his wife’s brother because he wants to be taken by her as her blood relative. To realize his or her stratagem, the hero imperceptibly runs to another house where the object of his or her interest later comes and takes him or her for a stranger",True,10,0.01079913606911447
597,f67_5,Old woman pretends to be man,"An old woman makes herself false penis and testicles, marries or attempts to marry her (step)daughter",True,10,0.01079913606911447
598,f68_10,Death feigned: woman dresses up as a man,"A woman pretends to die or really dies. Her (former) paramour comes to her grave. She revives and goes with him. Not to be recognized, she dresses up as a man",True,4,0.004319654427645789
599,f69_10,Obscene invitation ,"A woman's husband or male relative asks her (grand)children to invite her to make love with him. The invitation is expressed in an allegoric form. She understands, comes to him",True,6,0.0064794816414686825
600,f70_10,Potiphar's wife: false accusation of sexual abuse,"Woman makes vain overtures to young man and/or falsely accuses him of sexual abuse. Her husband believes that the young man is guilty, kills or tries to kill him",True,78,0.08423326133909287
601,f70a_10,Disordered clothes as evidence against innocent man,"To accuse a man or boy of (sexual) abbuse, a woman tears her clothes, smears or scratches her body pretending to be attacked",True,50,0.05399568034557235
602,f70b_10,Revenge of a rejected woman,A woman revenges on a man who rejected her love,True,64,0.06911447084233262
603,f70c_10,The castrated youth becomes a man again,"A young man falls victim of an intrigue and is mutilated (usually castrated). His members are restored by magic, he marries happily",True,7,0.00755939524838013
604,f70d_10,A disgraced informer,A castrate or girl pretends to be a man or a cripple girl conceles her injury. Some person gets to know about it and plans to expose the deception. At the last moment the hero or heroine magically becomes a real man (gets back the lost members) and the informer is disgraced,True,6,0.0064794816414686825
605,f70e_10,A girl turns into a man,"A girl poses as a man, her sex is magically transformed and the man is happily married ",True,35,0.03779697624190065
606,f70e1_10,Daughter instead of son,An old man needs a son to accomplish a man’s work or service. (Only the youngest) daughter sets to do it (successfully passing her father’s test and) guised as a man,True,13,0.014038876889848811
607,f71_10,Susan and the old men (the innocent slandered maiden),"An innocent girl or young woman rejects a man who attempts to seduce her. The man accuses her of loose conduct, ultimately the truth comes to light",True,67,0.07235421166306695
608,f72_10,Imitated violence,A woman asks a man to tie her before copulation in such a way that a watcher would think she is raped,True,2,0.0021598272138228943
609,f73_5,The illusory wound,Person mistakes a vulva or an anus for a wound; vulva is a unhealed wound on the body of the primeval women,True,40,0.04319654427645788
610,f74_10,Naked person shams dead,"When a person sees a dangerous enemy, he or she shams dead taking his or her clothes off, or the enemy takes off them himself. The enemy believes that it is a corpse, lets it alone",True,19,0.020518358531317494
611,f75_5,A siren and a tapir,"A hunter watches tapir who calls a water woman from the river or lake and copulates with her. Hunter does the same, becomes the woman's lover",True,4,0.004319654427645789
612,f76_5,Animals teach to make love,"People learn to copulate after they see birds, fish or animals doing it",True,27,0.029157667386609073
613,f77a_8,Penis bridge,Huge penis is used as a bridge across water body,True,6,0.0064794816414686825
614,f78_5,Toothed anus,Person or creature has toothed anus or second head in place of the anus,True,6,0.0064794816414686825
615,f79_5,Animal wives,"Person marries several non-human wives in succession, every time (besides the last one) is disappointed",True,12,0.012958963282937365
616,f80_5,Primeval people have no genitals,The first men and/or women have no genitals,True,22,0.023758099352051837
617,f80a_5,Genitals apart from the body,"Genitals exist by themselves as separate beings, they can be stuck to the human body, remove, etc.",True,40,0.04319654427645788
618,f81_11,Bride in a river,A man mistakes his own reflection in river for a beautiful woman and makes attempts to marry her,True,10,0.01079913606911447
619,f82_11,Incest with mother-in-law,A man uses a trick to have opportunity to make love to his mother-in-law or woman uses a trick to make love to her son-in-law. Usually a man takes with him on a hunt not his wife but her mother,True,27,0.029157667386609073
620,f82a_11,What owl cries about,"To lure prohibited sexual partner into his or her hammock, person imitates or interpretes in a certain way voices of birds and animals",True,4,0.004319654427645789
621,f83_11,News precede man,"Person commits something shameful, obscene. Presumably, nobody could see him doing it. When he asks people, ""What's the news?"", they answer that so-and-so (this person) has done such a thing",True,20,0.02159827213822894
622,f83a_11,Indecent proposal made through children,Animal person comes to children of a big predator and tells them that he will copulate with their mother (or that he will beat her),True,28,0.03023758099352052
623,f84_11,Prolonged celibacy imitated,"Person has sex with the wife of his host or brother. Trying to conceal his deed, he puts ashes or juice of a fruit on his glans that has to prove his long celibacy",True,4,0.004319654427645789
624,f85_5,The Moon: contra men and pro women,The Moon (female or male) is the leader of women in their struggle against the men or leads the women away from the men,True,5,0.005399568034557235
625,f86_10,Signal for paramour to come out,"Person summons with a certain signal his or her sexual partner or ward who is of non-human nature. Another person spies, uses the same signal or pronounces the same words, kills those who come to him or uses them sexually himself",True,102,0.1101511879049676
626,f86a_10,An eaten up pet,"Person take care for a fish, crab or other small creature. Another person spies on him or her, kills the pet and eats it up or try to do it",True,11,0.011879049676025918
627,f87_7,Transformed children of serpent’s wife,"A girl marries snake, comes with her children to visit her relation. Her close kin (father, mother, brother) tries to get know from her children how their mother calls her husband. A girl tells the secret, mother (father, etc.) of the woman calls the snake with the same signal, kills him. Seeing  her husband dead, the woman transforms her children (and herself) into birds or trees",True,15,0.016198704103671708
628,f88_7,Odor of women,Initially women's genitals were fragrant or had no smell. Because of a bad chance they acquire unpleasant odor or do not acquire fragrant odor,True,18,0.019438444924406047
629,f89_7,A smart sister,"Sister and brother live alone. The brother rejects the incest. The sister makes him take her for unknown girl, marries him",True,9,0.009719222462203024
630,f90_10,A tragic incest,"Brother and sister marry each other. When their children get to know about the incest, they kill their parents, or father kills children, or parents suicide, or wife/sister suicides when her husband/brother has died",True,17,0.0183585313174946
631,f91_10,A worm-breeder,A man lets his wife to be eaten up by worms. She either dies or has a narrow escape,True,10,0.01079913606911447
632,f92_11,Homosexual play,A male person is tricked into being used sexually by another man,True,17,0.0183585313174946
633,f93_11,The talking penis,A man's member speaks and can be silenced only by his mother-in-law,True,7,0.00755939524838013
634,f94_10,Rival wives in the sky,"A man gets to the sky where he has a choice to marry one of two women, one of them being connected with life and another with death",True,8,0.008639308855291577
635,f95_10,Wife of one of two brothers,"Two companions or brothers live together. One has a wife which he conceals. Another suspects her existence, destroys her or tries to get a wife also for himself",True,10,0.01079913606911447
636,f96_10,Ugly man becomes handsome,"A girl rejects an ugly youth, men also do not like him. A powerful supernatural makes him handsome while those who were evil to him are punished",True,16,0.017278617710583154
637,f97_5,The prohibited fruit: origin of sex,"After eating certain fruit, berry, tuber, etc. people become sexually aware",True,27,0.029157667386609073
638,f98_5,God and a cow,Anthropomorphic god descends from the sky and copulates with a cow,True,6,0.0064794816414686825
639,f99_5,A baby copulates with his mother,"A baby son turns into an adult man, copulates with his mother, then acquires his baby guise",True,8,0.008639308855291577
640,f100_11,Test of chastity (a queen and a servant girl) ,"A magic medicine demonstrates that the only chaste woman is a servant girl, orphan, etc. King chooses the chaste one",True,4,0.004319654427645789
641,g1_3,A kidnapped child,"Valuables (earth, soil, sun, crops, fire, sacred knowledge, hunting luck) are got or returned when son or daughter is stolen from his or her parent",True,27,0.029157667386609073
642,g3_6,A rock of crops,Cultivated plants or fertile soil to plant them are hidden inside a rock. Birds or Thunders get them destroying the rock,True,14,0.01511879049676026
643,g4_6,A food mountain,Cultivated plants are found above or inside a mountain,True,14,0.01511879049676026
644,g5_6,Food tree,Fruits and shoots of different cultivated plants grow on the branches of one tree or certain plant has a tree form that is alien to it in nature,True,49,0.052915766738660906
645,g6_6,Primeval tree,"One of the trees is the principal, original one (emerged before all the other; ancestor of wild or cultivated plants; ocean or rivers inside it; world axis; higher than all the others; overshadows sky)",True,133,0.14362850971922247
646,g6a_3,g6a_3,,False,8,0.008639308855291577
647,g7_10,Blunt axes,Ancestors need to fell a gigantic tree or a vertical rock. Their axes become blunt or break and/or they are in search of a proper axe to cope with their work. Usually they are cutting the tree with different cultivated plants on its branches,True,17,0.0183585313174946
648,g8_10,Restored tree,A deep notch in the tree (or in the sky support) is magically restored as soon as persons or creatures who cut or gnaw it stop working,True,110,0.11879049676025918
649,g8a_10,Cutting tree to make a canoe,"To make some object (usually a canoe), person cuts a tree, goes away, returns, finds the tree intact. Usually another person who was restoring the tree by magic fells it down himself and makes a canoe for the hero",True,20,0.02159827213822894
650,g8b_10,Cutting tree to get a person,Person hides in a tree. Somebody tries to fell it but the notch disappears and the tree becomes intact,True,44,0.047516198704103674
651,g8c_10,Cutting tree to get valuables,(Animal-)people try to fell a tree that contains water and fish or has cultivated plants on its branches. The notch disappears and the tree becomes intact,True,22,0.023758099352051837
652,g8d_3,Falling or growing up of a tree is dangerous to the world,"To save the world (gods, king, etc.) certain persons or creatures try to cut or gnaw a tree (post, mountain) or do not permit the others to do. The notch disappears and the tree (post, etc.) becomes intact",True,17,0.0183585313174946
653,g8e_2,Cutting the Moon tree,Person tries to cut down the tree in the Moon but the notch disappears and the tree becomes intact,True,7,0.00755939524838013
654,g8f_10,Chips destroyed,A deep notch in the tree is magically restored when persons or creatures who cut it go away to take a rest. They get to fell the tree after they begin to burn the cut off chips or to carry them far way,True,11,0.011879049676025918
655,g9_10,Restored forest,"People break ground or fell trees. In the morning, the ground or forest are intact again",True,36,0.038876889848812095
656,g9a_3,Restored forest and flood,"A man fells trees to clear ground for a garden. Certain person or animal revives vegetation and after being surprised by the man, warns him about the coming flood, tells to prepare a boat",True,12,0.012958963282937365
657,g10_10,The hanging tree,A tree which trunk is cut through do not fall because it is hold from above,True,28,0.03023758099352052
658,g11_7,Squirrel the woodcutter,A squirrel plays crucial role in felling the gigantic tree,True,20,0.02159827213822894
659,g12_3,Tree is a person,A giant tree (often with water inside it or with different cultivated plants on its branches) grows out of the human body or is transformed person,True,4,0.004319654427645789
660,g12a_6,Plants from drops of blood,Cultivated plants emerge from drops of blood or spill from cuts on the body of a person,True,3,0.0032397408207343412
661,g12b_6,Star-person gives plants,Star-person is a giver of cultivated plants,True,14,0.01511879049676026
662,g12c_6,Fox brings plants from the sky,Fox or coyote returns from the sky and disperses seeds or shoots unknown on earth before,True,5,0.005399568034557235
663,g13_6,People ate rotten wood,"Before acquisition of cultivated plants people ate rotten or soft (Ceiba L., Ochroma Sw.) wood; some people eat rotten wood",True,17,0.0183585313174946
664,g13a_6,People ate dirt,"Before acquisition of cultivated plants people ate dirt, mud or stones",True,16,0.017278617710583154
665,g13b_6,People ate fungi,Before acquisition of cultivated plants people ate fungi,True,8,0.008639308855291577
666,g14_6,Swallowed man returns with plants,A man is swallowed by a water monster and comes out from its belly in the land of the supernatural beings. He receives from them cultivated plants and brings them to people,True,3,0.0032397408207343412
667,g15_6,Plant maidens,In the other world or in the time of the ancestors food products or materials used by people looked as persons,True,24,0.02591792656587473
668,g16_6,Ants find cultivated plants,Ants are the first who find cultivated plants (corn or manioc) which are concealed from the others in particular place,True,13,0.014038876889848811
669,g17_6,Gift of a reptile,Serpent or alligator is the original possessor or the source of cultivated plants or wild staples,True,29,0.03131749460043196
670,g18_6,Person wants to be killed,"A boy, woman or (more rare) man asks other people to abandon him or her in the forest, to burn or drag her or him on or around the future garden plot, to burn her in her house, etc. A woman usually asks to kill her when she understands that people know her way of producing food which she extracts from her own body. People fulfill person's wish and find cultivated plants on the place",True,26,0.028077753779697623
671,g19_6,Burned men bring plants,"After a conflict in primeval community, a group of men or youths (Paresi: a boy and a girl) burned themselves in a bonfire (or leap over it, etc.). As a result, people acquire cultivated plants, especially corn",True,3,0.0032397408207343412
672,g20_6,Woman turns into plants,Food crops emerge from remains of a woman or girl,True,48,0.05183585313174946
673,g21_6,Coconut palm from a human head,Coconut palm grows out of the human head,True,27,0.029157667386609073
674,g22_6,Frog or toad and plants,Frog or toad is related to acquisition of cultivated plants,True,12,0.012958963282937365
675,g23_10,Alive being turns into many objects,"Person or creature is transformed. Separate parts of its (his, her) body give origin to different objects or creatures",True,167,0.18034557235421167
676,g23a_6,Alive being turns into plants,"Person or creature is transformed. Separate parts of its (his, her) body give origin to different plants, mostly edible or cultivated",True,46,0.04967602591792657
677,g23b_5,Alive being turns into nations,Different body parts of a huge being turn into people of different ethnic affiliation or such people receive their names and characteristics according to body parts that they got,True,20,0.02159827213822894
678,g25_6,Cereals spilled over the earth,"Seeds of cereals have been spilled over the earth, now people cultivate them",True,3,0.0032397408207343412
679,g26_6,Swallowed food: saved for people,Food products were swallowed or hidden in person's mouth. Thanks to this people got them,True,12,0.012958963282937365
680,g27_6,Plants from urine,Person urinates producing the first cultivated plants,True,8,0.008639308855291577
681,g28_6,The fish tree,Tree contains fish in its trunk,True,15,0.016198704103671708
682,g29_8,Demon made of artifacts,Demonic person turns into or consists of different household objects or tools (and into elements of a landscape),True,20,0.02159827213822894
683,g30_6,Chopped penis turns into plants,A cut off long penis turns into many edible plants,True,14,0.01511879049676026
684,g31_10,Trees tied up with a rope,"To clear a garden plot, persons put a rope around many trees, pull it, all the trees fall",True,5,0.005399568034557235
685,h1a_4,The originator of death the first sufferer,"One person wants man to live forever, another wants man to be mortal. When somebody dear to the latter one dies, he or she is eager to accept the suggestion of his or her opponent but the original decision cannot be changed",True,47,0.05075593952483801
686,h1b_4,Death of a neighbor’s child,Person does something that results in originating of death because death of some alive being deer to another person is indifferent or desirable for him or her,True,34,0.0367170626349892
687,h1bb_4,The not revived dog,"Person refuses to revive a dog which is dear to another person, and this conflict is related to the missed opportunity to revive people",True,4,0.004319654427645789
688,h1c_4,Stamped down grave,People do not come back to life (or do not come anymore to their relatives after death) when somebody buries the dead in a grave or stamps down the earth on the grave,True,27,0.029157667386609073
689,h2_4,The selfish animal,"Animals ask God to make people mortal because people would be too numerous and step on the animals, deprive them of their food and habitat, or because the animals want to feast on the human corpses",True,22,0.023758099352051837
690,h3_4,Sham funerals bring death,People become mortal because they imitated real funerals burying an animal,True,7,0.00755939524838013
691,h4_4,The shed skin,"Those who change their skin become young again. In many cases, people are contrasted to snakes, invertebrates or some trees who shed their skin or bark and rejuvenate",True,117,0.1263498920086393
692,h4a_4,Process of rejuvenation is broken,People do not become young (usually do not shed their skin) anymore because certain person was bothered during rejuvenation or was not recognized by his family in his new guise,True,31,0.03347732181425486
693,h5_4,People and snakes,Reptiles or invertebrates are contrasted with men as immortal with mortals and/or are responsible for originating of death; or a snake's bite inflicts the first death,True,125,0.13498920086393087
694,h6a_4,People and plants,"Mortal humans are contrasted with (almost) immortal trees that shed their bark, become green again after winter sleep or propagate by sprouts",True,38,0.04103671706263499
695,h6b_4,The life-medicine spilled on plants,"The life-medicine is accidentally spilled not on men but on plants which become evergreen, capable for regeneration or producing fruits",True,25,0.026997840172786176
696,h6bb_4,The lost objects,Animal person is sent to pass to the people certain objects or substance but loses or replaces them. Because of this people miss possibility to become immortal or their life becomes difficult,True,23,0.024838012958963283
697,h6c_4,The immortal raven,Raven is contrasted with people as an immortal with mortals (usually is sent to bring water of immortality or drinks itself water of immortality),True,28,0.03023758099352052
698,h6d_4,Stolen immortality,"Person brings a remedy that gets immortality. While he is asleep, somebody else steals the remedy",True,7,0.00755939524838013
699,h7_8,The personified Death,"Death (alone or with Old Age, Disease, etc.) is a particular personage not identical with the Master of the Dead. Death comes and kills people",True,157,0.1695464362850972
700,h7a_11,The Death and a doctor,"Man receives from Death (Fortune, some spirit) knowledge will the patient recover or die. He becomes a doctor and receives rich rewards. Usually he gets the ability to see Death near the bed of a patient and considering a particular place where Death stands, gets to know perspectives of recovering",True,56,0.06047516198704104
701,h7b_11,The Death in a tree,A man has a tree from which nobody can climb down without his will. He lures there Death or Devil who came after him,True,18,0.019438444924406047
702,h7c_11,Not finished prayer,Death promises to take a man after he has finished a prayer. The man begins to pray but does not finish his prayer and the Death cannot take him,True,26,0.028077753779697623
703,h8_4,The failed test,"People lose immortality because they do not dare to touch or drink something loathsome, poisonous, hot or otherwise dangerous",True,17,0.0183585313174946
704,h9_4,Strong and weak,People are mortal because they have been likened to something subject to decay and easy destruction (e.g. to the soft wood and not to the stone),True,50,0.05399568034557235
705,h9a_4,Who will give birth the first,"One woman is associated with stone, another with a plant. The plant-woman gives birth the first or the stone-woman do not have children at all. That's because people have their present characteristics (are mortal, capable to speak, etc.), or offsprings of the two women are different (skillful and not, etc.)",True,6,0.0064794816414686825
706,h9b_4,Children as shoots of plants,People are likened to plants which are mortal but revive in their offsets,True,7,0.00755939524838013
707,h10_4,"Stone sinks, stick floats",People are mortal because stone thrown into the water sank. They have missed a chance to be like wood or other organic matter that floated,True,29,0.03131749460043196
708,h11_8,The call of God,People become mortal because they do not hear or answer a call of a being who promises them immortality (or do not pronounce his name) or answer a call (pronouns the name) of a being who brings death,True,43,0.04643628509719223
709,h12_8,Orpheus: visit to the land of the dead,"Alive person visits the land of the dead, usually following a dead person",True,173,0.18682505399568033
710,h12a_10,Dead woman pursues her husband,"Wife dies, husband comes after her or he kills his untrue wife. The dead wife turns into monster and pursues him",True,5,0.005399568034557235
711,h12b_8,Ghosts feed on excrements,Inhabitants of the land of the dead eat excrements,True,8,0.008639308855291577
712,h13_10,Dead person returns and revives,Person comes to the land of the dead and brings back somebody who has recently died. This person becomes alive and lives normal life,True,34,0.0367170626349892
713,h14_10,Woman flies back to the land of the dead,A dead woman returns to earth but flies back as a bird or a fly,True,10,0.01079913606911447
714,h15_8,Whisper and yawning,"If called in a loud voice, ghosts do not hear an alive person but hear whisper, yawning, etc.",True,12,0.012958963282937365
715,h16_8,Rivers of tears and blood,"Rivers or lakes of tears, milk, blood, or water used for washing corpses exist in the world of the dead or separate it from our world",True,53,0.05723542116630669
716,h17_8,Ring of defenders around chief,"Ancestors surround their (dead) chief trying to defend him or his corpse. A trickster gets to go through the ring, kills the chief or steals and devours his heart",True,9,0.009719222462203024
717,h18_7,Hoarded game released,Game animals were concentrated in one single place. Certain person lets them disperse in the world,True,116,0.12526997840172785
718,h18a_11,Pup lets animals lose,"The owner of game animals conceals them underground. One of the ancestors turns into pup, is adopted by owners' children, lets the animals lose",True,18,0.019438444924406047
719,h18b_7,Cattle returns into water,"Because of a broken taboo (to look, to speak in a loud voice, etc.) domestic animals are lost (disappear in water, remain in the sky, scatter in various directions, etc.)",True,14,0.01511879049676026
720,h19_7,Raven tries to starve people,Raven hides or scares game animals preventing hunters to kill them. People outwit him,True,27,0.029157667386609073
721,h20_7,Fish disperse in the world,All the fish or (rare) shellfish) was concentrated in one place. Certain person lets it lose or puts it into the rivers or sea,True,57,0.061555075593952485
722,h20a_7,Mistress of fish loses it,"A woman (a girl, several women) keeps all the fish for herself. Man comes and lets fish escape into rivers or sea.",True,25,0.026997840172786176
723,h21_10,Animals or fish kill a child,"Person possesses game animals or fish. A boy or a girl knows this secret or is used as a luring device. Another person asks or forces the boy or girl to serve him the same way or the boy himself makes an attempt to hunt or fish. As a result, the boy or girl is killed or carried away by animals or fish",True,16,0.017278617710583154
724,h21a_7,Not to kill the big fish,The owner of fish holds it in a container and regularly takes as much as he needs. Another person opens the container breaking the rules and the fish escapes,True,11,0.011879049676025918
725,h22_7,Sense of smell,Big game animals obtain sense of smell and/or become to escape from hunters after a person makes them olfactory organs or lets them feel strong odor,True,10,0.01079913606911447
726,h22a_7,Animals disperse after being touched by people,"Big game animals were concentrated in one place, had no fear of people. They escape and disperse after somebody slightly strikes or stains them",True,9,0.009719222462203024
727,h23_7,Fat horns,"Objects that are now stiff and inedible  (animal horns, tree fungi, heartwood) contained fat or marrow",True,10,0.01079913606911447
728,h24_10,Container opened too early,Container with valuables or with dangerous creatures is opened (before time). Its content goes out of control or disappear,True,169,0.18250539956803455
729,h24a_2,A bag with stars,Person opens a bag with stars which ascend to sky in disorder,True,11,0.011879049676025918
730,h24b_4,Souls disappear from the opened container,"Person receives a container with the soul of a dead person and has to open it not before he gets to particular place or after particular time interval. He opens it too early, the soul fly away",True,19,0.020518358531317494
731,h24c_4,Death in container,People open container with death or disease inside and become mortal,True,15,0.016198704103671708
732,h24d_7,Still picks up what was let lose,"Animal person who let lose the content of a container entrusted to him or her (darkness, insects, reptiles, etc.) still tries to pick up what was let lose (etiology of behavior of certain animal species)",True,10,0.01079913606911447
733,h24e_7,To choose life or death,"People are suggested to choose one of two objects, associated with life and death. They choose the object with death",True,8,0.008639308855291577
734,h24f_10,Meat in a package,"Putting a lot of meat or fish in a small package, person gives it to another warning him not to open it on the way. The warning is ignored, meat or fish falls out and cannot be put back",True,13,0.014038876889848811
735,h25_4,To choose life or death,"People are suggested to choose one of two objects, associated with life and death. They choose the object with death",True,14,0.01511879049676026
736,h26_8,Mosquitoes had to be drowned,"The right way to dispose of container with stinging insects would be to throw it into the river or sea or bury in a far away place, but it was not done",True,30,0.032397408207343416
737,h27_8,Mosquitoes let lose,Stinging insects (rare diseases) had been inside a container or some enclosure. They escaped to the world when the container or enclosure was foolishly opened,True,80,0.08639308855291576
738,h27a_8,A hole in the ground,During the creation of the earth Creator's antagonist demands for himself as much earth as would be enough to put his staff. He thrusts the stake into the ground (rare: pulls out a certain pole). Insects and reptiles come out of the opening and/or the antagonist falls down through it into the underworld,True,18,0.019438444924406047
739,h28_8,Plagues from the body of a person or creature,"Killed and destroyed (often burned) person or creature (usually ogre, fierce animal, powerful shaman) turns into a multitude of biting insects or into other small molesting creatures",True,139,0.15010799136069114
740,h28a_8,Mosquitoes from sparks and smoke,A burned person or creature immediately turns into a multitude of mosquitoes or biting flies,True,30,0.032397408207343416
741,h29_5,Origin of foreigners,"A woman is impregnated by an animal, usually by a snake. People of hostile nation originate or receive their culture from her progeny or from her paramour's relatives",True,26,0.028077753779697623
742,h30_4,A wrong choice,"Seeing two women who have come together or in succession, man has to choose one of them. Usually he takes the one who is less pretty and smart or more dangerous inflicting troubles on himself and humanity",True,18,0.019438444924406047
743,h31_4,Origin of death: man and celestial bodies,God summons to him man and celestial bodies and makes the man mortal and others immortal,True,9,0.009719222462203024
744,h32a_4,Superfertility lost: a maltreated wife,"Supernatural woman comes to live with humans. Thanks to that, food becomes easily available. She is maltreated, goes away, temporal superfertility is lost forever",True,31,0.03347732181425486
745,h32b_4,Superfertility lost: a maltreated child,"A small girl or boy who is a child of a deity comes to live with humans. Thanks to that, food or other resources become easily available. The child is maltreated, returns to its own world, human life becomes difficult and scanty",True,7,0.00755939524838013
746,h33_4,Walking babies,Children walked or could walk from the very birth but this ability was lost or never obtained,True,21,0.02267818574514039
747,h33a_11,Babies thrown across a hedge,"A woman did not allow God to throw her baby across a hedge, roof, etc. Because of this babies lost or never got ability to walk from the very birth",True,8,0.008639308855291577
748,h34a_4,Controversy over conditions of life,Person has a series of suggestions how to make the world easy for living and free of hard work and death. His companion successively rejects them,True,70,0.0755939524838013
749,h34b_4,Rivers flow in both directions,Rivers were flowing or according to the original plan had to flow in both directions; somewhere there is a river that flows in both directions,True,25,0.026997840172786176
750,h34c_4,Flying rice,Rice could flow arriving by itself to the household,True,11,0.011879049676025918
751,h34d_11,Edible sky in the past,Sky or sky objects were edible or used as medicine but since the sky had separate from the earth this source of food became inaccessible. Inhabitants of the distant land where the sky and the earth come together feed on pieces of the sky,True,18,0.019438444924406047
752,h34d1_4,h34d1_4,,False,13,0.014038876889848811
753,h34e_4,The edible snow,Snow was edible or something edible was falling from the sky instead of the snow,True,16,0.017278617710583154
754,h34f_4,Walking baskets,Baskets carried loads by themselves,True,17,0.0183585313174946
755,h34g_4,One grain porridge,"One cereal grain (cob, etc.) is enough to prepare a meal",True,34,0.0367170626349892
756,h34h_4,Firewood come by themselves,"Firewood, brushwood arrived to the house themselves, no work was needed to cut and carry them",True,9,0.009719222462203024
757,h35_4,Fragile teeth,Human teeth are made of material subject to easy damage (etiology of tooth ache in most cases),True,24,0.02591792656587473
758,h36_11,The muddled message,"Person is sent by god to bring instructions or certain objects but distorts, forgets or replaces them. This has fatal consequences for humans or for a certain species of animals",True,103,0.11123110151187905
759,h36a_4,Origin of death from the falsified message,"Person is sent by god to bring instructions or certain objects but distorts, forgets or replaces them. Because of this people become mortal (do not revive after death)",True,72,0.07775377969762419
760,h36b_4,Death and the chameleon,Chameleon is responsible for introduction of permanent death,True,32,0.03455723542116631
761,h36c_4,Death and the lizard,Lizard is responsible for introduction of permanent death,True,31,0.03347732181425486
762,h36d_4,Death and the hare,Hare is responsible for introduction of permanent death,True,8,0.008639308855291577
763,h36e_4,Death and the rat,Rat is responsible for introduction of permanent death,True,10,0.01079913606911447
764,h36f_4,Raven is a failed messenger,"Raven is sent to deliver important object or message. It distorts message, loses object",True,16,0.017278617710583154
765,h36ff_4,Death and the raven,Raven is responsible for introduction of permanent death,True,35,0.03779697624190065
766,h36g_4,Muddled message: how many meals a day,God sends his messenger to tell people that they should eat only rarely (once in three days or the like). The messenger tells them that they should eat often (three times a day),True,13,0.014038876889848811
767,h36gg_4,Death and the coyote,Coyote is responsible for introduction of permanent death,True,35,0.03779697624190065
768,h36h_4,The unhappy jump,"Some beings, frog and toad among them, have to overcome an obstacle. This is realized not the way it was planned and as a consequence, people become mortal",True,7,0.00755939524838013
769,h36hh_4,Death and the frog,Frog or toad is responsible for introduction of permanent death,True,24,0.02591792656587473
770,h36I_4,Death and the goat,Goat or sheep is responsible for introduction of permanent death,True,15,0.016198704103671708
771,h36j_4,Death and the lark,Lark is responsible for introduction of permanent death,True,5,0.005399568034557235
772,h37_10,Magic device lost by a failure ,"Magic object, device that makes hunting or fishing easy gets into possession of a person who is unable to operate it or abuses it. The device kills or injures the failure himself, other people and/or disappears",True,41,0.04427645788336933
773,h37a_11,Jump over brushwood kindles fire,"Person gives a trickster ability to kindle fire easily. He uses it without need, it is lost",True,5,0.005399568034557235
774,h37b_11,Charge of skunk used to no purpose,"Person gives a trickster his power (usually skunk gives his charge) but he squanders it all to see the effect. When a real need comes, the device does not work anymore",True,6,0.0064794816414686825
775,h38_10,Supernatural person comes after his property,"Supernatural person changes his guise and comes to the hero's children (more rare, to him). They hand him what he asks for and he disappears with his former property is",True,5,0.005399568034557235
776,h39_7,The spilled poison,Snakes drink liquid spilled on earth and become poisonous or immortal; creatures obtain their characteristics (usually becomes poisonous) after drinking or licking a particular medicine,True,14,0.01511879049676026
777,h40_5,Dog is the guard of man,Dog guards (successfully or unsuccessfully) the (still unfinished) physical body of man,True,45,0.04859611231101512
778,h41_4,Death and the dog,Dog is responsible for people being mortal or imperfect. Usually the antagonist bribes dog with a warm fur and the dog lets him spoil the half-ready human figures,True,57,0.061555075593952485
779,h42_4,Creator goes away for a while,"After creating the bodies of the first people or after getting a conception how to do it the Creator goes away for a while. During his absence another person, because of his or her ignorance or intentionally, spoils the creation or makes himself or herself what the Creator would make in a better way. Usually because of this people are mortal and subject to diseases",True,50,0.05399568034557235
780,h43_5,"One creates the body, another the soul","One supernatural creates the body of the first people, another revives them",True,25,0.026997840172786176
781,h43a_5,Broken figure of the first man,"After making human body, creator goes away for a time. In his absence another person makes attempt to break human figure that was not yet alive",True,16,0.017278617710583154
782,h43aa_5,Figure of the first man smeared with filth,"After making human body, creator goes away for a time. In his absence another person spits on the human figure that was not yet alive, smears it with filth, etc.",True,20,0.02159827213822894
783,h44_3,Sky and Earth divide their children,"Two persons, one of whom is connected with the sky or the water and another with the earth, divide their child or people created by them. Sky or Water takes the imperishable part, and Earth, the perishable",True,5,0.005399568034557235
784,h45_4,The abused bread,A woman or child demonstrate no respect for bread soiling it with excrements. For this God punishes all the humanity,True,43,0.04643628509719223
785,h46_4,The dog’s part,"To punish people, God deprives them of bread but keeps a small part for a dog or other domestic animal. That’s because cereals still exist",True,25,0.026997840172786176
786,h46A_4,The dog and the spike,Properties of the cereals (usually the size of the spike) are defined by what the dog did in time of creation,True,26,0.028077753779697623
787,h47_3,Offended sky or earth,The sky (or the earth) is offended by people’s behavior in respect to it and reacts accordingly (e.g. rises higher than it was before),True,35,0.03779697624190065
788,h48_8,Daughters of evil spirit,"Diseases are sisters (rare: brothers), usually children of evil spirit",True,18,0.019438444924406047
789,h49_10,Pet defends master’s child,"A dog or other animal or bird kills dangerous creature who was going to attack the pet's master or his child. The master thinks that the assailant was the pet, kills it, then regrets his deed",True,48,0.05183585313174946
790,h50_3,Sky god and mistress of the dead,"A couple of deities or ancestors divorces. Man remains on earth or ascends to the sky, woman becomes the mistress of the dead or of the underworld",True,10,0.01079913606911447
791,h51_7,The demonic horse,A horse is associated with antagonist of the God,True,39,0.042116630669546434
792,h52_10,The search of immortality,Person sets off in search of the country where there is no death. He finds it. He decides to visit his home and dies there,True,20,0.02159827213822894
793,h53_8,Wolf is the master of the dead,Wolf takes part in creation and/or is a brother of the creator who wins demons of the lower world. Wolf is the first person who died and/or becomes the master of the dead,True,14,0.01511879049676026
794,h54_8,The eyelids of Viy,"Eyelids or eyebrows of personage hang long down over his eyes. To make him see, eyelids should be propped up with poles, folks, etc.",True,14,0.01511879049676026
795,h55_8,Sinners in other world,Person who visits the other world gets to see different people punished or rewarded according to their behavior when they were alive on earth,True,38,0.04103671706263499
796,h55a_10,A married couple under one blanket,Person gets to see husband and wife who pull their blanket from each other or have not enough space for two on their bed,True,4,0.004319654427645789
797,h56_4,The prohibited fruit (origin of death),"After eating certain fruit, berry, tuber, etc. people become mortal (cf. motif F97: people become sexually aware)",True,17,0.0183585313174946
798,i1_3,The thunderbirds,"Creatures that produce rain and/or thunderstorms are birds or anthropomorphic beings with wings; or (rare) some or all birds are connected with thunder, lightning or rain though Thunder is not a bird",True,166,0.17926565874730022
799,i2_3,Lightning from eyes,Lightning emerges from eyes or mouth of the being who is thought to produce thunderstorms,True,56,0.06047516198704104
800,i3_3,Weapons of Thunder,"The lightning (and thunder) is (produced with) an object (axe, sword, mirror, belt, stones, skin, etc.) in hands of anthropomorphic being",True,164,0.1771058315334773
801,i4a_10,Thunder in trouble: falls to earth,"Thunder falls to earth, cannot return to the sky. Usually a human person helps him to do it",True,26,0.028077753779697623
802,i4b_10,Thunder in trouble: fights with his enemy,A man helps Thunder who fights with his enemy,True,21,0.02267818574514039
803,i4c_10,The imprisoned Thunder,Thunder-god is temporarily overcome and imprisoned by his ebemy,True,3,0.0032397408207343412
804,i4d_10,Thunder’s instrument stolen,"Thunder’s instrument is stolen from him. He or his helper comes unrecognized to the thief, gets his instrument and kills the enemies",True,13,0.014038876889848811
805,i5_3,Thunder is an animal,"Thunder looks like a quadruped mammal (pig, buffalo, camel, anteater, tapir, dog, cat, leopard, monkey, etc.)",True,41,0.04427645788336933
806,i5a_3,Thunderous tapir,"Tapir is associated with the upper world, usually with the thunder",True,6,0.0064794816414686825
807,i6_3,Weather birds,"A man gets to the nest of giant birds. When the birds come, they bring with them clouds, rain, hail, etc. Usually, nestlings tell the man what kind of weather their father or mother brings",True,39,0.042116630669546434
808,i6a_3,Male and female birds: different kinds of precipitation,"The male and the female birds bring with them different kinds of precipitations (e.g. the male comes with a hail, the female with a rain)",True,28,0.03023758099352052
809,i7_3,The cloud serpent,"A flying reptile produces rain, thunderstorm",True,70,0.0755939524838013
810,i7a_3,The lightning- serpent,The lightning is associated with a snake,True,9,0.009719222462203024
811,i8c_3,The suspended earth,The earth does not fall down or swing because it is suspended to ropes,True,27,0.029157667386609073
812,i8e_3,Four supports of the world,"The sky or the earth rests upon four or five (cardinal points and the center) supports of any kind (poles, mountains, giants)",True,99,0.10691144708423327
813,i8f_3,One support of the world,Only one pole or mountain supports the earth or the sky,True,65,0.07019438444924406
814,i8g_3,Atlas,One giant supports the earth or the sky,True,64,0.06911447084233262
815,i8h_3,A man and a woman hold the earth,"Two anthropomorphic beings, a male and a female, are in the underworld and support the earth",True,5,0.005399568034557235
816,i8i_3,Original earth unstable,"Originally the earth was unstable and swung, then it was fixed up",True,35,0.03779697624190065
817,i9_3,Colors of the cardinal directions,Four cardinal directions and/or some objects associated with them are associated with different colors,True,81,0.08747300215982722
818,i10a_3,Colored layers of the sky,Different sky levels or different categories of clouds have different colors,True,15,0.016198704103671708
819,i10b_3,Colored layers of the earth,Particular layers or categories of the earth have different colors,True,8,0.008639308855291577
820,i11_3,Cosmic turtle or toad,"A turtle, toad, or frog supports the earth or is its embodiment",True,59,0.06371490280777538
821,i12_3,The world axis,A tree or post pierces and unites different layers of the universe,True,41,0.04427645788336933
822,i13a_8,The horned serpent,Giant water-chthonic or sky serpent or dragon has horns or antlers on its head,True,124,0.13390928725701945
823,i13b_8,A horned snake,Snake of natural size has horns on its head,True,26,0.028077753779697623
824,i13c_8,Snake’s crown,"Reptiles possess treasure with magic properties. Person gets or tries to get it. Usually it is a crown, jewel or small horns on the snake's head",True,41,0.04427645788336933
825,i14_8,No-anus people,Person or creature has no anus opening,True,101,0.10907127429805616
826,i14a_8,Eject digested food through the mouth,No-anus people eject digested food through the mouth or other orifice,True,21,0.02267818574514039
827,i15_8,No-mouth people,Anthropomorphic beings have no mouths,True,35,0.03779697624190065
828,i15a_5,A vertical cut,Mouth of human being was first cut vertically,True,3,0.0032397408207343412
829,i16_5,Body anomalies of the first people,"First human beings have no mouth, anus or genitals, their women do not know how to give birth",True,51,0.0550755939524838
830,i17_8,Body anomalies of inhabitants of a distant land,"A race of anthropomorphic beings without mouth, anus, genitals, whose women do not know how to give birth lives in the underworld, in the sky, in a far-away land",True,94,0.10151187904967603
831,i18_10,A spouse or husband without anus or mouth,Person visits people who have no anus or mouth. He or his sister marries or tries to marry a local dweller,True,24,0.02591792656587473
832,i19_8,People inhale the odor of food,Anthropomorphic beings satisfy their hunger cooking food and inhaling the odor,True,53,0.05723542116630669
833,i20_8,The underworld dworfs,Race of dwarfs lives in the underworld,True,48,0.05183585313174946
834,i20a_8,The sky giants,Anthropomorphic inhabitants of the upper world are giants,True,8,0.008639308855291577
835,i20b_8,Belt on armpits,People in the upper world are different than on earth and put their belts not on the waist but higher or below it,True,4,0.004319654427645789
836,i21_8,Red-haired people scorched by the sun,"People who live in the underworld, at the sunrise or sunset (often dwarfs) are scorched by the Sun which moves by at a short distance from them. They are red-haired, dark-skinned, etc.",True,21,0.02267818574514039
837,i22_8,Symplegades (obstacle opens and closes),"Souls on their way to the land of the dead, heroes or shamans have to go between moving rocks, trees, river banks, etc. which are incessantly meeting and parting",True,166,0.17926565874730022
838,i22a_3,Rising and falling sky,The sky is constantly moving up and down in respect to earth,True,42,0.04535637149028078
839,i22b_3,Birds fly to the outer world,Migratory birds fly from our world to the outer world under the edge of the sky which is rising and falling or through a narrow opening. Many birds perish. Eventual details: person who lives at this place feeds on these birds; it can be mistress of birds lives on another side of the pulsating obstacle,True,23,0.024838012958963283
840,i23_3,Snapping door,The door of a house is opening and closing by itself crashing persons who attempt to come in or out,True,19,0.020518358531317494
841,i24_3,A snake bridge,"Snake, lizard or worm is a bridge or a rope over the river",True,29,0.03131749460043196
842,i25_10,The bribed guards,"Way to the place of a certain person is guided by dangerous creatures (which often stand on the both sides of the pathway). Person placates them by gifts or nice talk, and they let him or her go the both ways, sometimes being punished for this by their master",True,84,0.09071274298056156
843,i25a_10,Bones to cows,Person sees that food put for certain animals is inedible for them and corrects situation (usually gives to herbivorous animals food that was given before to predators and vice versa),True,36,0.038876889848812095
844,i26_8,Dangers on the way of souls,"On its way to the Beyond, a soul has to defend itself or divert attention of guards who wait for it giving presents to them",True,14,0.01511879049676026
845,i27_8,Chthonic canine,"A dog is the lord, guard or guide of/to the land of the dead; or dogs live on the way to the land of the dead",True,92,0.09935205183585313
846,i27a_8,Towns and paths of dogs,Souls of the dead dogs have their own towns in the Beyond or their own paths to travel there,True,20,0.02159827213822894
847,i27b_8,Dog as a ferryman,A dog ferries person across a river that forms a border between the worlds,True,16,0.017278617710583154
848,i27c_8,The four-eyed dog,Dogs having spots over the eyes are called the four-eyed and believed to have special properties (e.g. to see ghosts),True,18,0.019438444924406047
849,i28_3,Animals in the underworld,"Game animals live inside a mountain, in a cave or in the underworld where they often look like humans and have a master",True,126,0.13606911447084233
850,i28a_3,Animals produce earthquakes,Big game animals disappear under the earth and produce earthquakes,True,3,0.0032397408207343412
851,i29_8,Armadillo’s hole leads to the underworld,Person crawls after an armadillo into its hole and gets into the underworld or digs a hole and gets into the world of the armadillos,True,12,0.012958963282937365
852,i30_8,Master of the dead welcomes women,Master or mistress of the realm of the dead copulates with every new human soul of the opposite sex who arrives to his or her realm,True,10,0.01079913606911447
853,i31_8,Master and mistress of the dead,"In the Beyond, every soul is treated by the mythological characters of the opposite sex",True,13,0.014038876889848811
854,i32_5,Tree of the babies,"There is (or was) a tree on which souls of still unborn babies grow, which leaves transform into people, or which trunk is covered with female breasts or flowers that innumerable babies are sucking",True,34,0.0367170626349892
855,i32a_5,Tree of human life,"When a leave or a fruit of a certain tree drops, one of the people on the earth dies",True,14,0.01511879049676026
856,i33_8,Tree of the dead,The ultimate aim of the afterlife journey is to reach certain tree,True,24,0.02591792656587473
857,i34_8,The dangerous tree,"It is necessary to approach a tree which is surrounded with fire, ejects fire, shoots sharp splints, etc.",True,8,0.008639308855291577
858,i35_3,Dragging a hide produces thunder,Thunder is produced by dragging behind a dry animal skin or (rare) a person (rare) or by shaking clothes,True,26,0.028077753779697623
859,i35a_3,Old woman’s thunder,Thunder is produced by an old woman who lives in the sky,True,9,0.009719222462203024
860,i35a1_3,Challenge to Thunder-god,Person pretends to be the sky-god imitating rain and thunderstorm,True,6,0.0064794816414686825
861,i35b_3,i35b_3,,False,7,0.00755939524838013
862,i36_3,Thunder and lightning are two siblings,"Two siblings turn into thunder and lightning or into two thunders or one turns into thunder, another into an animal",True,25,0.026997840172786176
863,i37d_7,Mushrooms are excrements,Mushrooms are excrements of mythological person,True,4,0.004319654427645789
864,i37e_8,"Fungi are steps, platforms, obstacles","Tree fungi are steps, small platforms, umbrellas, obstacles that make moving easier or more difficult, provide a shelter or cover",True,3,0.0032397408207343412
865,i37f_7,Fungi are ears,Fungi or mushrooms are named “ears”,True,25,0.026997840172786176
866,i37g_7,Fungi shout,Tree fungi shout like persons,True,8,0.008639308855291577
867,i38_8,The dog-heads,Some beings are half-men and half-dogs (usually anthropomorphic with heads of dogs),True,46,0.04967602591792657
868,i38a_8,The dog-husbands,Dogs or dog-headed men are husbands of human women,True,14,0.01511879049676026
869,i39_3,Rainbow road or bridge,Rainbow is a road or bridge by which some ascend to the sky or descend from it,True,92,0.09935205183585313
870,i40_3,Rainbow bow,Rainbow is a bow,True,88,0.09503239740820735
871,i41_3,Rainbow serpent,"Rainbow is a reptile (usually a snake) or (more rare) a fish, or it is related to snake, to its tongue, breath, or to scorpion's tail",True,178,0.19222462203023757
872,i41a_3,Rainbow from an anthill,Rainbow rises from an anthill,True,11,0.011879049676025918
873,i42_3,Rainbow is a pair of creatures,"Rainbow is two creatures or persons, usually a male and a female",True,39,0.042116630669546434
874,i43a_3,The celestial monster,"Giant reptilian monster (serpent, more rare fish, chain of fish) extends in the sky and/or supports the sky being associated with Milky Way or the rainbow",True,43,0.04643628509719223
875,i43b_3,Milky Way is a serpent or fish,"Milky Way is a reptile, fish, or chain of fish",True,38,0.04103671706263499
876,i44_3,Chthonic serpent,Giant serpent lies on the perimeter of the earth or supports the earth,True,44,0.047516198704103674
877,i45a_8,Not to point at the Moon or a star,Person who points at the Moon or a star or looks intently at them will get sick or die or his pointing finger will rot or wither,True,36,0.038876889848812095
878,i45b_8,Not to point at the rainbow,"It to point at the rainbow, pointing finger or entire arm will rot, wither or become crooked",True,90,0.09719222462203024
879,i45c_8,Not to count stars,Person who counts stars will suffer diseases and misfortunes,True,19,0.020518358531317494
880,i46_3,Rainbow belt,"Rainbow is the ornamented part of the clothes, its decoration, a belt",True,76,0.08207343412526998
881,i46a_3,Old woman’s rainbow,Rainbow is associated with an old woman,True,29,0.03131749460043196
882,i46b_7,Rainbow predicts future harvest,Intensity of particular colors of rainbow predicts good or bad harvest of particular crops,True,9,0.009719222462203024
883,i46c_3,Rainbow rope,Rainbow is a rope to which a domestic animal is tied,True,6,0.0064794816414686825
884,i46d_3,Rainbow snare,"Rainbow is a snare, a noose",True,5,0.005399568034557235
885,i47_3,Rainbow is filth,"Rainbow is a flatulence of a demon, a spray of a skunk, is associated with spit, urine, feces, genitals, etc., causes skin diseases",True,36,0.038876889848812095
886,i47a_3,Rainbow is fox’s wedding,Rainbow is associated with a wedding of foxes or jackals,True,5,0.005399568034557235
887,i48_3,Confined to the underworld,"Certain person loses his or her freedom, is confined to a far away place (often, to the underworld) and acquires cosmic dimensions: supports the earth or the sky and/or his or her movements produce earthquakes or (rare) storms",True,38,0.04103671706263499
888,i49_3,The running earthquake,"Earthquake is a person. Whenever he or she runs or walks, the earth trembles",True,16,0.017278617710583154
889,i50_8,Animal with more than four legs,"An animal (a horse, an elk, a moose, a bear) with six, eight or ten legs is described or represented in art",True,42,0.04535637149028078
890,i50a_10,Torn off legs,A demon tears off or devours one by one legs of a riding animal of the hero,True,29,0.03131749460043196
891,i51a_3,Bull the earth-holder,Big mammal supports the earth,True,79,0.08531317494600432
892,i51b_3,The earth is an animal,The earth or the sky are identified with a big quadruped mammal or are made of parts of its body,True,23,0.024838012958963283
893,i52_3,Fish the earth-holder,World is supported by fish or fish-like monster or the earth itself is such a monster,True,67,0.07235421166306695
894,i53_3,Insect bothers the world-supporting being,The animal or the fish which supports the earth is bothered by an insect. The animal moves and the earth trembles.,True,18,0.019438444924406047
895,i54_8,Water creature full of fish,Anaconda or a water monster has live fish or animals inside; is father of the fish; all fish emerge from its body,True,17,0.0183585313174946
896,i55_2,Stars are openings,Stars are openings in the firmament; holes in dwelling's covering are thought to be stars,True,47,0.05075593952483801
897,i56_8,Ghosts do not see people from earth,Person who gets into another world is invisible for its inhabitants and his touch makes local person ill,True,26,0.028077753779697623
898,i57_3,Thunder pursues his enemy,"Thunder's enemies are evil spirits, reptiles, animals living in burrows. They hide from him in different objects, Thunder destroys these objects",True,61,0.06587473002159827
899,i58_2,Milky Way is the way of birds,Milky Way is the path of migratory birds (especially wild geese),True,31,0.03347732181425486
900,i59_2,Milky Way is spilled straw,"Milky Way is a trace of people who spilled on their way something related to agriculture (straw, chaff, hay, more rare flour, peas)",True,44,0.047516198704103674
901,i59a_2,i59a_2,,False,33,0.035637149028077755
902,i59b1_2,i59b1_2,,False,15,0.016198704103671708
903,i59b2_2,i59b2_2,,False,6,0.0064794816414686825
904,i60_2,Milky Way is a seam in the sky,"Milky Way is a sky seam, a concealed fissure or crack between two half of the sky vault",True,10,0.01079913606911447
905,i60a_2,Milky Way is a stripe on belly,"Milky Way is a longitudinal streak, associated with a white line, stripe along the middle of a belly of an animal",True,5,0.005399568034557235
906,i61_2,Milk on the Milky Way,Milky Way is a trace of spilled milk,True,14,0.01511879049676026
907,i62_2,Milky Way is a river,"Milky Way is a sky river, water body, chain of beings that swim",True,92,0.09935205183585313
908,i63_2,Milky Way is a path of tapir,"Milky Way is a path of tapir, or tapir is seen in the Milky Way",True,15,0.016198704103671708
909,i64a_2,Race along Milky Way,Milky Way is a trace of two (rare: more) animals that were running a race,True,10,0.01079913606911447
910,i65_2,Milky Way of the dead,Milky Way is the path over which souls travel to the beyond or a path of the funeral procession,True,89,0.09611231101511879
911,i66_2,Ashes on Milky Way,Milky Way is ashes or smoldering coals,True,21,0.02267818574514039
912,i67_2,Rhea and Milky Way,Milky Way is a giant rhea,True,8,0.008639308855291577
913,i68_8,Opening of the sky,"On a certain day, the sky vault opens and the interior of the sky is seen; usually any wish expressed at this moment will be fulfilled",True,42,0.04535637149028078
914,i69_2,Star dung,Shining sky objects or atmospheric phenomena are excrements of sky dwellers,True,43,0.04643628509719223
915,i70_8,Water reptile on plants on its back,Trees or reeds grow on the back of a monstrous reptile,True,6,0.0064794816414686825
916,i71_2,Stars are plants,Stars are plants or roots of the plants which grow in the upper world,True,9,0.009719222462203024
917,i72_2,Stars are people,"Stars are people, ghosts, anthropomorphic beings (interpretations of unique star objects like Venus or Polaris as persons not considered)",True,245,0.26457883369330454
918,i73_2,Stars are sparks,Stars (rare: suns and moons) are sparks or burning coals,True,14,0.01511879049676026
919,i74_2,Stars are stones,"Stars are shining stones, spangles",True,20,0.02159827213822894
920,i74a_2,Stars are fire-flies,"Stars are fire-flies, glow-worms",True,6,0.0064794816414686825
921,i75_3,World ages,"Before present world, several (three or more) other worlds or races of people existed",True,29,0.03131749460043196
922,i76a_8,Snake turns into dragon,After certain time a snake or fish turn into a dragon,True,23,0.024838012958963283
923,i76b_8,Mouse turns into bat,After certain time a mouse turns into a bat,True,5,0.005399568034557235
924,i77_3,The lame thunder,Powerful person connected with thunder and rain is lame (usually after falling down from the sky),True,8,0.008639308855291577
925,i78_3,The square earth,"The earth is square, the sky is usually round",True,40,0.04319654427645788
926,i80_10,Thunder’s apprentice,"Person gets to the house of Thunder, becomes his servant and breaking certain taboo or instructions, produces extensive thunderstorm or rain",True,26,0.028077753779697623
927,i80a_3,The youngest Thunder,Man meets Thunders and becomes one of them,True,10,0.01079913606911447
928,i81_3,Waters rush down into the underworld,Waters of all rivers on earth run to the precipice where they rush down into the underworld,True,19,0.020518358531317494
929,i81a_3,The chthonic crab,"A giant crab produces earthquakes or floods, stops or can stop flow of the waters into the chasm",True,15,0.016198704103671708
930,i81b_3,Haribda (the origin of tides),It is tide when a creature belches out the sea water or ousts it with its body and it is ebb when it swallows the water or lets it go back,True,13,0.014038876889848811
931,i82a_2,Venus is male,Morning and/or Evening Star is a male personage,True,129,0.13930885529157666
932,i82b_2,Venus is female,Morning and/or Evening Star is a female personage,True,147,0.1587473002159827
933,i82c_2,Venus is the Moon’s wife,Venus or some other bright star seen near the eastern or western horizon is female and wife of the Moon,True,56,0.06047516198704104
934,i82d_2,Morning and Evening stars are a man and a woman,Morning and Evening stars are opposed as a man and a woman or vice versa,True,19,0.020518358531317494
935,i82e_2,Star who sold her mother,It is told about Venus or other star that she sold her mother or father to have a beautiful attire,True,3,0.0032397408207343412
936,i82f_2,i82f_2,,False,9,0.009719222462203024
937,i82g_2,i82g_2,,False,16,0.017278617710583154
938,i82h_12,i82h_12,,False,37,0.03995680345572354
939,i83_3,The sky of vultures,"Birds, first of all vultures and eagles, live in the sky, usually at one or more layers of the upper world",True,55,0.05939524838012959
940,i84_2,Milky Way is a snow-shoes track,Milky Way is a path of a person who was walking on snow-shoes,True,24,0.02591792656587473
941,i84a_10,Son of God frozen to death,In winter time despite warning son of the sky deity sets off (usually on his snow-shoes) and is frozen to death,True,6,0.0064794816414686825
942,i85_2,"Polaris is a pole, a nail",Polaris is a (tethering) pole or a nail,True,49,0.052915766738660906
943,i85a_2,Horses around Polaris,Hoofed animals are walking around Polaris,True,16,0.017278617710583154
944,i85a1_2,i85a1_2,,False,6,0.0064794816414686825
945,i85b_2,Polaris is a man,Polaris is a man,True,23,0.024838012958963283
946,i85c_3,Vessels with weather,"Person gets to the sky and finds there several vessels with different kinds of weather, precipitations, times of the year and the like",True,4,0.004319654427645789
947,i86_7,"Hairs into animals, scales into fish","Master of living beings sends down, hairs, scales, etc. which turn into birds, animals, fish",True,13,0.014038876889848811
948,i86a_3,Down turns into snow,Snow is created from bird's down when certain bird in the sky shakes itself or certain person shakes his or her clothes made of bird down,True,12,0.012958963282937365
949,i87_8,Skull as a cave,"Personages use a shelter which proves to be an object related to the world of the giants (a skull, a shoulder-blade, a mitten)",True,14,0.01511879049676026
950,i87a_8,Series of creatures ever greater in size,Personage of gigantic dimensions in respect to normal humans and animals proves to be tiny dwarf in respect to another personage,True,33,0.035637149028077755
951,i87a1_8,Small or big? A dialogue,Two persons engaged into dialogue describe a series of objects and creatures as simultaneously giant and small,True,10,0.01079913606911447
952,i87a2_10,What is Two?,"Antagonist names numbers from one to seven or nine, every time asking what it is. The hero gives answers that the antagonist accepts as correct ones.",True,33,0.035637149028077755
953,i87aa_8,The long bull,"A bull or a horse of a huge length is described (the head in one field, the tail in another; person who is near the head walks a long time till he meets a one neat the tail)",True,20,0.02159827213822894
954,i87ab_10,Only child was able to pick it up,Strong men or a lot of people cannot move the corpse of a killed person or creature but a child or a woman does it easily,True,12,0.012958963282937365
955,i87b_10,Boaster in search of a rival,"Person boasts how strong he is. His wife tells him that he is not the only strong man. He sets off, meets a person who is much stronger than him",True,20,0.02159827213822894
956,i87c_11,The hut in a mitten,"Animals use for a shelter an object like a mitten, skull, etc. that belongs to the world of the people",True,9,0.009719222462203024
957,i88_8,Animal with many tails,There is a zoomorphic being with many tails,True,21,0.02267818574514039
958,i89_2,The lost caravan,"At night travelers mistake some bright star for Morning Star, set off, take a wrong direction, perish or get into trouble",True,20,0.02159827213822894
959,i91_3,Water body a the base of a tree,There is a source or body of water at the base of a tree which connects layers of the universe and/or has gigantic dimensions and considered to be the main tree of the world,True,14,0.01511879049676026
960,i92_8,Rainbow transforms sex,"Person who gets to walk under, over or through the rainbow changes his or her sex",True,25,0.026997840172786176
961,i93_2,Milky Way is the backbone,Milky Way is the backbone of the sky or of all the world,True,18,0.019438444924406047
962,i94_2,The Pleiades are openings,The Pleiades are holes in the firmament,True,32,0.03455723542116631
963,i95_2,The Pleiades are a sieve for grain,The Pleiades are a sieve to process agricultural products,True,24,0.02591792656587473
964,i95a_2,Orion is a balance,"Orion is a balance, scales",True,14,0.01511879049676026
965,i95b_2,Orion is a shoulder-yoke,Orion is a shoulder-yoke,True,11,0.011879049676025918
966,i95c_2,Orion is a staff,"Orion is a staff, a crook",True,19,0.020518358531317494
967,i96_3,Bloody rainbow,"Rainbow is blood, associated with war and death",True,18,0.019438444924406047
968,i97_3,Rainbow horse,,False,17,0.0183585313174946
969,i98a_2,The Pleiades are a hen with its chickens,"The Pleiades are a brooding hen, hen with its chickens, chickens",True,48,0.05183585313174946
970,i98b_2,The Pleiades are a duck’s nest,"The Pleiades are wild ducks, a nest or eggs of a wild duck",True,8,0.008639308855291577
971,i99_2,The Pleiades are boys or men,"The Pleiades are a group of boys or men, or a group of different people but predominantly males",True,88,0.09503239740820735
972,i100_2,The Pleiades are girls,The Pleiades are a group of girls or women (with children),True,76,0.08207343412526998
973,i100a_2,The Pleiades are mother with children,The Pleiades are a woman with her children,True,24,0.02591792656587473
974,i100b_2,The Pleiades are a group of people,"The Pleiades are any people (of any ages and sex, combined data of i99-i100a)",True,162,0.17494600431965443
975,i100c_2,The Pleiades and a cuckoo,"God transformed man into a cuckoo, his wife and children into the Pleiades",True,4,0.004319654427645789
976,i100d_2,Stars and kids,The Pleiades or stars in general are associated with kids or lambs,True,4,0.004319654427645789
977,i101_2,"Big Dipper is poles, a nailed skin","Several bright stars of Big Dipper or other constellation are poles which support or stretch an object like skin, shelter, etc.",True,17,0.0183585313174946
978,i102_2,Milky Way is a tree,Milky Way is a tree or a trace of a tree,True,9,0.009719222462203024
979,i103_2,The dog star,Sirius is associated with a dog or a wolf,True,28,0.03023758099352052
980,i104_2,Stars are moon’s fragments,"Stars are fragments of broken Moon or (rare) Sun; or stars, the sun and the moon are formed from one and the same primeval person or creature",True,35,0.03779697624190065
981,i105_2,The celestial hand,One of constellations represents a hand with fingers,True,18,0.019438444924406047
982,i106_2,Ursa major is a person,"Ursa major is only one anthropomorphic being, not several persons",True,20,0.02159827213822894
983,i107_2,Stars are nails,"Stars are nails in the firmament or pegs, or stars are nailed to the sky",True,7,0.00755939524838013
984,i108_2,The Pleiades are a person,"The Pleiades are only one anthropomorphic being, not several persons",True,65,0.07019438444924406
985,i109_2,Milky Way is the path of the Sun,Milky Way is the path of the Sun and/or Moon,True,11,0.011879049676025918
986,i110a_2,The star plough,Orion (rare: other constellation) is a plough,True,31,0.03347732181425486
987,i110b_2,Orion is mowers,(Belt of) Orion is (three) mowers or agricultural tools related to mowing and harvesting,True,22,0.023758099352051837
988,i111_2,The earth is a reptile,The earth is the body of a crocodile or a dragon,True,8,0.008639308855291577
989,i112_2,The monster boat,"A boat is a fish, a living creature with a mouth, it can swallow people",True,10,0.01079913606911447
990,i113_8,Pig with the golden bristle,A pig made of gold or having golden bristles is a treasure,True,7,0.00755939524838013
991,i114_3,Ursa major and the Pleiades as men and women,"Described in one and the same tale, Ursa major is associated with men and the Pleiades with women",True,3,0.0032397408207343412
992,i115a_2,Orion and the Pleiades as a man and a woman,Orion and the Pleiades are opposed as a man or men and a woman or women. Orion is usually male,True,30,0.032397408207343416
993,i116_2,Milky Way is the border between the seasons,"The Milky Way is the border-line between seasons of the year or parts of the universe (the wet and the dry seasons, the sky and the earth, etc.)",True,12,0.012958963282937365
994,i117_7,Spider ferries from one world to another,"Spider person raises the hero to the sky, helps him or her to return back to earth or otherwise helps to overcome the borderlines between worlds",True,60,0.06479481641468683
995,i118_9,Helpful spider-woman,Spider-woman (rare: spider-man) is a patron of the hero who lives in her house and marries her daughter,True,16,0.017278617710583154
996,i119_8,The dead shake the earth,The earthquakes are produced by the dead who are in the underworld or during the earthquakes the inhabitants of the lower world try to come out,True,19,0.020518358531317494
997,i120_8,Cornucopia,Food and clothes are extracted from the horn of a cow or goat,True,25,0.026997840172786176
998,i121_2,Ursa major and Ursa minor as twin constellations,"Constellations of Ursa major and Ursa minor are interpreted as twin objects of the same type (two animals, two carts, etc.)",True,53,0.05723542116630669
999,i122_2,The Pleiades are insects,"The Pleiades are a nest, a congestion of insects",True,7,0.00755939524838013
1000,i123_2,Altair is the Sun’s messenger,Altair or Vega with a weak nearby star are believed to appear on the sky immediately after winter solstice though really it is not so,True,7,0.00755939524838013
1001,i124_2,Ursa major is a boat,Ursa major is a boat,True,13,0.014038876889848811
1002,i125_2,The Hiades are a jaw-bone,The Hyades are a jaw bone or a head of a big animal or anthropomorphic creature,True,15,0.016198704103671708
1003,i126_2,Ursa major is a stretcher or grave,Ursa major is funeral stretcher or a grave,True,12,0.012958963282937365
1004,i127_2,Ursa major is a bed,"Ursa major is a bed, a bedstead",True,5,0.005399568034557235
1005,i128_2,Ursa major is a dipper,"Ursa major is a dipper, a ladle",True,18,0.019438444924406047
1006,i129_2,Constellation of Heron,"When constellation of Heron appears on the sky, the rain season begins",True,4,0.004319654427645789
1007,i130_2,The sky net,"Orion, the Pleiades, Ursa Major or Ursa Minor is a hunting or fishing net",True,7,0.00755939524838013
1008,i131_8,The thread of life,"Life of every man is related to certain thread. When the thread is cut, the man dies",True,15,0.016198704103671708
1009,i132_8,Climbing a deer antlers up to the sky,"A giant deer’s or deer-like creature’s antlers reach the upper world, a person climbs them to get there",True,5,0.005399568034557235
1010,i133_2,i133_2,,False,11,0.011879049676025918
1011,j2_10,The tree-husband,A girl marries a man or is impregnated by man who is or was incarnated in a tree,True,9,0.009719222462203024
1012,j3_10,Impregnated from under the earth,A woman gives birth to a boy or twin boys after being impregnated without her knowledge when one of the animal persons crawls under the earth to the place where she sits on a ground,True,4,0.004319654427645789
1013,j4_10,Death of the father,"Heroes avenge their (grand)father's or uncles' death, not the death of their mother or both parents",True,122,0.13174946004319654
1014,j5_10,Brothers as victims,Two or several brothers or friends are killed by antagonists. One of them is the father of the young hero who avenges their death or all of them are his uncles,True,24,0.02591792656587473
1015,j7_10,The changed signs,"A woman or a girl is in search of her husband, fiancé or kinsmen. She loses her way because certain person changed signs at the crossroad",True,31,0.03347732181425486
1016,j8_10,Feathers at the crossroad,A woman or a girl is in search of her husband or other person. Bird feathers at the cross-road or near the person's dwelling mark the correct or the wrong way,True,23,0.024838012958963283
1017,j9_10,Unborn children talk from the womb,A woman is in search of her husband or other person or object. Her unborn children speak from her stomach and shows her the correct way,True,20,0.02159827213822894
1018,j10_10,Insect’s bite,"A woman loses her way after being bitter by insect (wasp, bee, ant). She accuses her unborn sons of being the cause of the bite and/or slaps herself on her abdomen to punish the sons or to kill the insect. As a consequence her sons are offended and do not show her the correct way anymore",True,13,0.014038876889848811
1019,j11_10,Unborn child asks to pick up some flowers,A quarrel between a mother and her sons in her womb flares up after they ask her to pick up flowers or fruits (usually the insect bites her when she picks flowers up),True,15,0.016198704103671708
1020,j12_10,Travelling girl comes across suitors,"A girl (or two sisters) travel, usually in search of a proper marriage partner who lives far away or who has gone away. On her way or after reaching the place of destination the girl gets to some unpleasant suitors",True,111,0.11987041036717062
1021,j12a_10,Penis in a pot,"A girl or two sisters get to old woman who suggests them to marry her son. It is a worm or alive penis preserved by its mother in a pot. The girl (the sister) rejects it, runs away",True,5,0.005399568034557235
1022,j12b_10,Honey-suitor,A suitor or husband is a fragrant Honey person or skillful honey-gatherer,True,4,0.004319654427645789
1023,j12c_10,Meeting at a feast,A girl gets to see her bridegroom for the first time at a feast and then sets off to his place following instructions received from him,True,8,0.008639308855291577
1024,j12d_10,Imposter kills his rival,"After a girl marries a valuable suitor, a rejected imposter or his relations kill him",True,32,0.03455723542116631
1025,j12j_10,Imposter is a buffoon ,In village where valuable marriage-partner lives an imposter plays the role of a buffoon,True,13,0.014038876889848811
1026,j12k_10,A valuable partner and an imposter live in one house,A valuable partner whom a girl (two sisters) should marry and an imposter live together in one and the same house,True,12,0.012958963282937365
1027,j12l_10,A hypocritical murderer,"A murderer of a valuable marriage-partner pretends to mourn over him. His trick is exposed, people chase him",True,8,0.008639308855291577
1028,j12m_10,Woman turns into duck,"A girl or two sisters marry a valuable partner. His rival kills or attempts to kill him or his wives. As a consequence, the women turn into water birds",True,4,0.004319654427645789
1029,j13_10,Two sisters,"Two sisters (if more, only two play a significant role in the plot) travel and meet an unpleasant suitor or get to an ogre",True,98,0.10583153347732181
1030,j14_10,A flute-player,A girl or two sisters walk in search of the man whose beautiful voice or whose flute-play they listen,True,13,0.014038876889848811
1031,j15_10,Woman gets to dangerous creatures,"Walking in search of her husband, boyfriend, kinsmen, shelter woman or girl gets to the house of dangerous creatures where she is injured or killed",True,79,0.08531317494600432
1032,j15a_10,Woman gets to jaguars,"Setting off (usually in search of her husband, boyfriend or kinsmen), woman gets to the place of dangerous felines",True,39,0.042116630669546434
1033,j15b_10,Woman gets to a toad,"Setting off (usually in search of her husband, boyfriend or kinsmen), woman gets to the place of female toad or frog",True,8,0.008639308855291577
1034,j16_10,Rejects to eat insects,"Person perishes because being forced to clean ogre's or animal’s head infected with insects, refuses to bite the insects, spits in disgust or is suspected to do it",True,14,0.01511879049676026
1035,j17_8,Frogs in hair,"Instead of lice, there are other (bigger or dangerous) creatures in the hair of some persons or he or she pretends that his or her hair is infested with them",True,59,0.06371490280777538
1036,j18_10,Woman falls from the sky,A woman who is pregnant or has a small child falls from the sky. She or a daughter born by her dies but her (grand)son is grown up,True,25,0.026997840172786176
1037,j18a_10,"Mother is eaten up, children escape","An ogress devours a woman, gets into her house. Her daughters (daughter and son, one daughter) run away, climb a tree or a rope that hangs from the sky. Ogress pursues them and perishes",True,11,0.011879049676025918
1038,j19_10,Wicked guest murders woman,"When husband o brother leaves home to hunt, an evil spirit comes to his wife or sister. The spirit kills her or carries her away after injuring or transforming her",True,24,0.02591792656587473
1039,j19a_10,To serve food on the abdomen,A guest demands that a woman would serve him food on her abdomen,True,8,0.008639308855291577
1040,j19b_10,Belly burned through,An evil spirit kills a woman burning her belly through,True,5,0.005399568034557235
1041,j20_10,Wicked guest: woman breaks taboo,"When husband o brother leaves home to hunt, an evil spirit comes to his wife or sister and kills or injures her being able to do it because she has broken taboo to open the door, to look at the guest or to answer him or her",True,12,0.012958963282937365
1042,j22a_10,Two men from one,Two men or a man and a woman appear from two halves of the cut in two anthropomorphic body or embryo; or another man appears from part of the body of the first one or from his body discharge,True,30,0.032397408207343416
1043,j22b_10,Two women from one,"A woman is torn or cut in half, two new women appear",True,8,0.008639308855291577
1044,j22c_8,The double woman,A demonic creature has a form of two women half merged like Siamese twins,True,5,0.005399568034557235
1045,j22d_7,Two animals from one cut in two,Two halves of one animal cut in two turn into two new animals or into foreigners,True,11,0.011879049676025918
1046,j22e_10,Placenta person,A second person evolves from the placenta of the first one,True,12,0.012958963282937365
1047,j23_10,A late son kills monsters,"People disappear one by one. A lonely woman has a baby or finds a baby or she becomes pregnant magically and gives birth to a boy or twins. The boy grows up, exterminates the antagonists, usually revives and releases those who had disappeared",True,77,0.08315334773218143
1048,j23a_10,A mucus-boy,"A woman is crying, mucus from her nose turns into a boy who grows up, overcome powerful adversaries",True,7,0.00755939524838013
1049,j24_10,Grounded to powder,Hero is grounded to powder but resuscitates,True,10,0.01079913606911447
1050,j25_10,Babies escape and return,"Heroes (one, two, one of the two), usually beings still babies or embryos, escape into the water, are carried away into the wilderness or thrown into the water. They are caught (often with difficulty) by some persons or come to them by their own will",True,152,0.16414686825053995
1051,j25a_10,Son of grave,"Mother dies or is killed. Her (still unborn) baby-son is buried with her. He comes out of the grace, meets people, then returns to the grave but ultimately agrees to remain with the people",True,17,0.0183585313174946
1052,j26_10,Babies come out of the water,Baby heroes or embryos are found in a river or lake or come to people out of the water,True,173,0.18682505399568033
1053,j27_10,Lodge-boy and Thrown-away,"One of two small boys (or one of two pairs of boys, two of three boys) lives in a lodge with his (adoptive) father or mother. The young male who lives in the lodge can be also a pup (allegedly) born by the woman. Another boy (or couple of boys) has been thrown away or born by his mother after her death, grows up by himself or is grown up by some spirit, comes to his brother(s) and ultimately to his (adoptive) parent. Usually (adoptive) father or mother catches him and domesticates with much difficulty",True,45,0.04859611231101512
1054,j27a_10,Thrown-away kills his father,"One of two babies is thrown away and lives in the water, in the forest, etc., another lives in the house; after both of them become to live in the house, they kills their father",True,6,0.0064794816414686825
1055,j28a_10,Truth about father,"Hero asks how one of his parents died and receives a series of false answers. Usually he successively exposes himself to the same dangers, survives and thus demonstrates that truth is still concealed from him",True,17,0.0183585313174946
1056,j28b_10,A hot scone,"A youth gets to know that a woman (usually his mother) conceals from him important information about his father, brothers or bride. He causes her pain (usually putting hot scone, handful of hot grain, etc. into her hand) making her tell him the truth",True,26,0.028077753779697623
1057,j29_10,Father’s shadow,A murdered parent of the hero comes to him as a ghost and informs about the circumstances of his or her death,True,13,0.014038876889848811
1058,j30_10,Parents’ remains,"Before the hero destroys the antagonists or escapes from them, he finds or receives the remains or possessions that belonged to the antagonists' victim",True,67,0.07235421166306695
1059,j31_10,Father’s weapon,A young hero obtains and uses weapons or other powerful objects which belonged to his murdered father,True,38,0.04103671706263499
1060,j32_10,Brothers spy for night chief,"Somebody regularly steals valuables (horse, hay, apples, etc.). Brothers one by one spy for the thief but only the youngest surprises him",True,73,0.07883369330453564
1061,j32a_10,To guard father’s grave,Before passing away a man asks his sons to guard his grave for a certain time or to bring something to his grave. The youngest son goes and obtains valuables,True,26,0.028077753779697623
1062,j33_10,The dummy,"A youth or two siblings live in a house of an old man or woman. To produce a reaction from this older person, they kill a person or animal and stuff its skin with insects, worms, ashes, grass or blow it up",True,15,0.016198704103671708
1063,j33a_10,Old woman beats the dummy,"A youth or two siblings live in a house of an old woman. they kill her a person or animal who is her husband and make a dummy of him. The old woman is angry that her husband does not answer her, beats him and understands that it is a dummy",True,7,0.00755939524838013
1064,j34_10,Frightened grandmother,"After killing their enemy, heroes have fun frightening their (grand)mother or father with its dummy",True,12,0.012958963282937365
1065,j35_10,Helpful tree-frog,A tree-frog kills or neutralizes dangerous person or creature who chases heroes,True,10,0.01079913606911447
1066,j36_10,Turtle as antagonist,Hero's parents are killed by turtle who pulled them under the water,True,7,0.00755939524838013
1067,j37_10,Antagonist carried away by bird,A man turns into powerful bird or creates it. The bird carries away his enemy,True,35,0.03779697624190065
1068,j38_10,Talons got stuck,"A mighty bird thrust its talons into a big fish, whale, water monster, etc. Talons get stuck, the bird is either pulled down under the water or makes itself free with great difficulty",True,19,0.020518358531317494
1069,j39_10,Who killed a rabbit?,"Antagonist makes a girl or a woman his or her slave. The slave's brothers or sons secretly come to her, kill for her some small game. Woman tries to pursue the antagonist that she herself killed the game",True,16,0.017278617710583154
1070,j40_10,Enemy from the sky,"A dangerous being who lives in the sky carries away a person or many people (or person's cut off head or limb). A young kin of the perished one revenges on the dangerous being and/or brings back the victim (his or her head, etc.)",True,27,0.029157667386609073
1071,j40a_10,Avenged prisoners,"After the hero comes back after a long absence and finds his parents enslaved, he tells them to demonstrate openly a lack of respect to their masters and punishes those who were cruel with them",True,9,0.009719222462203024
1072,j41_10,Foxes jeer at the abandoned person,"When the hero returns home after a long absence, his relation does not believe at first that it is really he because all this time somebody jeered at him or her imitating the hero's voice, telling that the hero is back, etc.",True,13,0.014038876889848811
1073,j41a_10,Son transforms mother into a bird,"When hero returns, he finds his mother being tormented during his absence and transforms her (and usually himself) into a certain bird",True,7,0.00755939524838013
1074,j41b_10,Son returns and burns tormentors using magic,"When hero returns and finds his mother being tormented during his absence, he burns the tormentors producing fire and heat by magic",True,10,0.01079913606911447
1075,j42_10,Waters split apart,"When person comes to the water body, waters are split apart so the person reaches the other bank walking on the dry ground",True,85,0.091792656587473
1076,j43_10,Bait for antagonists,"To kill his antagonists, hero lures them with an attractive object which is delicious to eat and is usually on the other side of a body of water or a canyon",True,12,0.012958963282937365
1077,j44_10,The broken bridge,"Person or his helper draws his enemies on the unstable bridge and destroys it. The enemies fall into water, into a precipice",True,96,0.10367170626349892
1078,j45_10,The stretched out leg (crane bridge),Person stretches his or her leg or neck as a bridge across water body. The fugitives or those who walk ahead cross the bridge; the persecutor or those who are behind usually fall because the person takes his bridge off,True,56,0.06047516198704104
1079,j46_10,Enemy drowns,Antagonist perishes falling into the water or trying to cross a water body,True,153,0.1652267818574514
1080,j47_10,Pursuer falls from height,"Person ascends to the sky (rare: descends from the sky; ascends the cliff) by a rope, a ladder, etc. Another person tries to follow him or her but the rope (the ladder) is broken or severed",True,95,0.10259179265658748
1081,j47a_10,Beanstalk to the sky,A bean or a pea grows up to the sky and a person climbs by it there,True,14,0.01511879049676026
1082,j48_11,Parrot cuts the sky rope,"Person ascends to the sky or descends from the sky to earth by a rope. A parrot cuts the rope, the person falls to earth",True,11,0.011879049676025918
1083,j49_7,Moon’s wife cannot follow him,The Moon's wife or sister tries to follow him to the sky but is unable to do it,True,10,0.01079913606911447
1084,j50_10,An attempt to revive the victim,"Twin heroes' parent dies or is killed, an attempt to revive him or her fails",True,27,0.029157667386609073
1085,j50a_10,Sons embrace their mother,Mother dies when her sons embrace or push her,True,6,0.0064794816414686825
1086,j50b_10,Father more dead than alive,An attempt to revive the killed father (and uncle) is only partly successful and the revived person is unable to live among the living. The hero decides to abandon him in the other world or to let him die forever,True,5,0.005399568034557235
1087,j51_10,One piece is missing,"Person or animal is eaten up or destroyed otherwise. His bones are put together and he or it is revived. Because one bone was broken, swallowed or lost, the person or animal cannot be revived or being revived misses some part of his or its body",True,54,0.058315334773218146
1088,j51a_10,Ladder made of limbs of a girl,"To help a man to ascend a rock, a girl tells him to cut her into pieces, make a ladder of her limbs, then put them together again. The girl revives but a finger is missing",True,9,0.009719222462203024
1089,j51a1_10,j51a1_10,,False,8,0.008639308855291577
1090,j52_10,Two animal persons and their children,A strong and aggressive animal person (often a bear) treacherously kills his (or her) companion who is a weaker animal person. The victim's children revenge on the murderer killing his (her) own children,True,41,0.04427645788336933
1091,j52a_10,Bear as antagonist,A bear-person (usually Bear-woman) kills her or his female companion who is associated with a weaker animal – not a predator or a weaker predator. The victim's children revenge on the antagonist killing her own children and / or run away and escape,True,34,0.0367170626349892
1092,j52b_10,Hare-woman or hare-children as heroes ,"A girl, a young woman, or children who are associated with a hare or rabbit are heroes of the story",True,12,0.012958963282937365
1093,j53_10,The fawns and the cubs,Deer person is killed by the stronger animal person. The deer's children revenge on the murderer and (or) successively escape from him or her,True,22,0.023758099352051837
1094,j54_10,One of two female companions kills another,"Two co-wives of female companions live together, both have children. Once when they go to work outdoors (usually to gather wild plants), one of them kills and devours another. The victim's children escape",True,50,0.05399568034557235
1095,j54a_10,The calf and the tiger cub,"Two women (usually female animal persons) live together, both have children, one of them kills and devours another. The son of the murderer kills his mother and becomes a companion of the victim's son, or the victim’s and the murderer’s children escape together",True,10,0.01079913606911447
1096,j54b_10,Kills own mother to rescue his half-brother,"A hero and a son of the antagonist live together. They are half-brothers friends. When the antagonist makes attempt to kill the hero, the antagonist's son kills his own mother (or his both parents) or helps his human brother to do it",True,9,0.009719222462203024
1097,j55_10,Unrecognized hero comes across enemies,Hero comes across different creatures or persons who do not recognize him. Everyone tells that he is waiting for the Hero to kill him. The hero easily kills or transforms them himself,True,42,0.04535637149028078
1098,j56_10,Father tests his sons,Twin heroes (or one boy) come to their divine father. He puts them under trials to get know if they are really his children and possess supernatural power,True,20,0.02159827213822894
1099,j56a_10,Transformed into griddles,Brothers turn into cooking pots or griddles which are put on fire. Only the eldest is strong enough to stand this trial,True,4,0.004319654427645789
1100,j57_10,Son of the Sun,"A virgin girl is impregnated by the Sun and gives birth to a son or twin boys. When her son (or the twins) grows up, he (they) comes to his father",True,26,0.028077753779697623
1101,j58_10,The arrow ladder,"Persons make chain of arrows or darts shooting them one into another and making a chain or rope of them. Usually, they ascend by this rope to the upper world",True,80,0.08639308855291576
1102,j58b_8,The sky door,Chain of arrows is used to pull or push the sky or the Sun lower or higher or to break a hole in the sky,True,7,0.00755939524838013
1103,j59_10,Following arrow gets to the sky,"To climb to the sky, person needs first to shoot an arrow that would reach the sky and stick into it",True,84,0.09071274298056156
1104,j59a_10,Flight after arrow,"Shooting and arrow, person flies on it, after it or ahead of it",True,24,0.02591792656587473
1105,j60_10,Two-fold impregnation,A woman is impregnated by two different males and gives birth to twin sons who have different fathers,True,15,0.016198704103671708
1106,j61_10,Light as a feather,Person is able to move or to hover in the air like a feather or a bit of fluff,True,21,0.02267818574514039
1107,j62_10,The enchanted people,"An antagonist transforms his victims into stones or (rare) plants, animals, monsters. Hero escapes transformation, revives the victims",True,85,0.091792656587473
1108,j63_10,"Son saves, daughter betrays","Enemies attack household. The master's wife agrees to live with the enemies' leader, her former husband lies outdoors alive but tied up. His daughter refuses to release him, but his son does it. The man kills the enemies, usually cruelly kills his wife and daughter",True,11,0.011879049676025918
1109,j64_10,The column of smoke,Person ascends to the sky on a column of smoke (but not being burned in a fire),True,28,0.03023758099352052
1110,j65_10,Sun’s children destroy the enemies,A lonely woman with her daughter are the only survivors after enemies' attack. The woman rejects a series of animal-persons who come to ask her daughter in marriage but accept a sky-person for her son-in-law. Children of the sky-person and woman's daughter revenge on the enemies,True,5,0.005399568034557235
1111,j66_10,The bitten through bow-strings,"Hero or his helpers cut or gnaw through bow- and other strings of the enemies, make holes in their canoes, making the enemies unable to fight or to pursue the hero",True,37,0.03995680345572354
1112,j67_10,Stones on eyes,At night person puts light stones or shells on his eyes. The antagonist believes that his eyes are opened and does not dare to attack,True,6,0.0064794816414686825
1113,k1c_10,One who comes to look at adversary’s bones dies himself,"A man is marooned on an islet, a rock but survives thanks to helpful birds and animals. The next time the hero and the antagonist exchange roles. Usually the antagonist comes to the islet to see the bones of the abandoned man but the man takes the canoe of the antagonist and paddles away. The antagonist dies",True,17,0.0183585313174946
1114,k1d_10,Woman’s brothers maroon her husband,Brothers of a man's wife hate him and maroon on an islet,True,7,0.00755939524838013
1115,k1e_10,Marooned on islet,Person is marooned on an islet or on another side of a sea or wide river,True,79,0.08531317494600432
1116,k1f_10,Conflict because of a woman,A man maroons another because of jealousy or because he plans to take hold of his wife,True,176,0.1900647948164147
1117,k1g_10,Antagonist charged by stag,Hero turns into stag or creates a stag to charge his kinsman who sent hi into a trap,True,7,0.00755939524838013
1118,k1h_10,Imprisoned in the tree-hollow,Person is imprisoned in a tree-hollow or inside a rock and is released by somebody who makes a hole from outside,True,37,0.03995680345572354
1119,k1i_10,Tree to descend from a rock,A tree or vine quickly grows up near the rock or in the bottom of a pit where the hero was marooned. He gets to the ground climbing down (or up) this tree (vine),True,12,0.012958963282937365
1120,k1j_10,A marooned man returns home before his adversary,"A man marooned on an islet or rock in the sea turns into a bird and flies home. When the man who marooned him comes home, the hero is already there",True,6,0.0064794816414686825
1121,k2_10,The destroyed ladder,"Hero climbs up (e.g. to a tree) or down (e.g. into a deep cave) by ladder, rope, from branch to branch, etc. The rope etc. breaks or is intentionally destroyed and the hero cannot return to the ground. (all cases of motif K2A are also computed together with K2)",True,203,0.21922246220302377
1122,k2a_10,Hero marooned in the underworld,"A man descends down into the well, precipice, etc. Saving a girl or girls, getting treasure etc. he sends them up. After receiving girls and treasure, companions cut the rope and the hero remains below",True,102,0.1101511879049676
1123,k3_10,Tree or rock grows taller,"Hero climbs up a tree or rock to get eggs, nestlings, fruits, honey, etc. Another person makes the tree (rock) grow higher or thicker and the hero is unable to descend back",True,66,0.07127429805615551
1124,k4_10,The bird nester,Person climbs up a tree or rock or descends to a cave to get eggs or nestlings from the bird's nest. Another person remains on the ground. They get into conflict and/or the first person is unable to get back to the ground,True,110,0.11879049676025918
1125,k5_11,The fake nestlings,"To lure the hero into a trap or to send him far away, the antagonist makes a bird or nestlings of excrements or guts",True,11,0.011879049676025918
1126,k6_10,Vine from body excretions,"A vine grows from person's or animal's tears, mucus, urine, etc.",True,22,0.023758099352051837
1127,k7_10,“Like pubis of your wife”,Hero compares something with pubis of another man's wife or sister. The insulted man maroons him in a tree or rock.,True,8,0.008639308855291577
1128,k8a_10,Jonah: swallowed by monster,Person gets into the belly of water being or into the belly of giant creature which appearance and living place remain vague. He kills the monster from the inside and/or returns to earth by himself (i.e. not extracted by other people),True,220,0.23758099352051837
1129,k8aa_10,Jonah: swallowed by bird,Person gets into the belly of a giant bird. He kills it from the inside and/or returns to earth by himself (i.e. not extracted by other people),True,4,0.004319654427645789
1130,k8b_8,Woman is soul of a whale,"Raven gets inside a whale where he sees a woman who asks him not to touch an inner organ of the whale (usually its heart) or a burning lamp. Raven touches it, woman disappears, the whale dies",True,6,0.0064794816414686825
1131,k8c_10,Jonah: swallowed by terrestrial animal,Person gets into the belly of ground animal or bird. He kills it from the inside and/or returns to earth by himself (i.e. not extracted by other people),True,144,0.15550755939524838
1132,k8c1_11,First swallowed by herbivorous animal and then by wolf,Tiny boy is first swallowed by chance by a big herbivorous animal and then carried away by a wolf who began to eat the animal's offal,True,23,0.024838012958963283
1133,k8c2_11,k8c2_11,,False,7,0.00755939524838013
1134,k8c3_11,k8c3_11,,False,21,0.02267818574514039
1135,k8d_10,Jonah: swallowed by anthropomorphic being,Person (often an animal-person) gets into the belly of anthropomorphic being. He kills it from the inside and/or returns to earth by himself (i.e. not extracted by other people),True,59,0.06371490280777538
1136,k8e_11,Gets inside via anus,Person or animal gets into another being through its anus,True,51,0.0550755939524838
1137,k8f_10,Deer in monster’s belly,A swallowed up person finds alive deer in the belly of the monster,True,4,0.004319654427645789
1138,k9_10,God’s wife thrown down from the sky,"The sky chief discovers or thinks that his wife, sister or lover is untrue or incestuous. He throws her down from the sky. She becomes the mistress of the lower or middle world or a part of it or one of her sons gets power over the lower world",True,15,0.016198704103671708
1139,k10a_10,Battle with a bird: a shelter,"Heroes kill a dangerous bird. During or before confrontation they hide inside a shelter (hut, cage, vessel, bag, hollow log) or cover themselves with a protective object",True,14,0.01511879049676026
1140,k10b_10,Cage carried away,A giant bird carries away to its nest a cage or bag with people inside,True,9,0.009719222462203024
1141,k10c_10,Wrapped in guts,"Hero (or twins) hangs on his body a bag with animal bowels full of blood. Breaking them with its claws, the bird thinks that its victim is killed and brings the man to its nest. He kills the adult bird, kills or transforms its nestlings",True,8,0.008639308855291577
1142,k10d_10,Bird carries man to an island,"A flying monster carries a man to a far away island. There he gets to kill the monster. To return, he uses a boat, a bridge or a rope made of parts of the monster's body",True,9,0.009719222462203024
1143,k10e_10,Rescued people,"Getting to a nest of a monstrous bird, a man finds there kidnapped people, helps them to return home",True,9,0.009719222462203024
1144,k10f_7,Nestlings turn into eagles,Hero transforms nestlings or monster bird into common eagles or owls,True,16,0.017278617710583154
1145,k11a_7,Feathers turn into birds,Feathers of giant bird turn into different present day birds,True,17,0.0183585313174946
1146,k12_10,Woman lost and returned,A rival or adversary kidnaps man's wife or bride or takes her sending her man off. The man gets her back,True,234,0.2526997840172786
1147,k12a_10,A strained  bow,"An unrecognized hero comes to a place where his bride or wife has to marry another man or is tuned into a slave. Despite expectations, he gets to strain a tight bow killing his rivals",True,16,0.017278617710583154
1148,k13a_2,Person with cut off leg ascends to the sky,"Certain person's leg or (rare) both legs are cut, torn, or bitten off. He ascends to the sky, usually becomes a constellation or a luminary or gets to the luminary",True,32,0.03455723542116631
1149,k13b_10,Leg bitten off by caiman,"A caiman ferries a man across water body, bites his leg off. The maimed man is transformed into a constellation or into an animal",True,8,0.008639308855291577
1150,k13c_10,Ogress’ daughter avenges death of her mother,"A man marries an ogress' daughter, kills her mother. The wife revenges on him, gets to cut off his leg",True,8,0.008639308855291577
1151,k13d_2,Leg hangs in the sky,A group of boys gets to the sky. The leg of the last one is cut or torn off,True,5,0.005399568034557235
1152,k14_10,Precious advices,A man gives his last money for simple advices. Each of them saves his life or helps to achieve success or he does not follow the advices and gets into trouble,True,100,0.1079913606911447
1153,k14a_10,Thrown into the oven himself,"An antagonist orders to kill the first one who will come in the morning to a certain place. The hero becomes late by chance, the antagonist or his wife or son come and are thrown into the fire",True,26,0.028077753779697623
1154,k14b_10,k14b_10,,False,7,0.00755939524838013
1155,k14c_10,k14c_10,,False,18,0.019438444924406047
1156,k15a_10,Substituted weapon,Hero substitutes powerful person's weapon with a fake,True,29,0.03131749460043196
1157,k15b_10,Substituted barrel of water,"Because containers with alive and dead water (one makes one stronger, another weaker) are imperceptibly exchanged, during the battle the hero drinks the alive water and overcomes his enemy who drinks the dead water",True,19,0.020518358531317494
1158,k15c_10,Clothes of stone,The owner of the stone (ice) clothes kills people. The hero hides his stone clothes and kills him,True,4,0.004319654427645789
1159,k16_10,Girl’s pet turns into a young man,"Disguised as a bird, small animal or insect, the hero lets himself be caught by a girl to have sex with her or to steal valuables possessed by her family or he lets himself be caught by the girl's father to receive opportunity to get to his daughter",True,58,0.06263498920086392
1160,k16a_10,Slips and drops dummy,"Being eager to show that he is a successful hunter, a man walks in front of a girl carrying a game (deer, birds). The girl makes him slip, he drops the false game that proves to be a dummy stuffed with ashes or a termite nest",True,5,0.005399568034557235
1161,k17_10,Ornitomorphic suitor,Ornithomorphic hero impregnates a girl magically or imperceptibly for her,True,58,0.06263498920086392
1162,k18_10,Infant picks out his unknown father,"To get know who is the father or (rare) mother of a small boy, many people come together. Everybody is eager to be recognized as the boy's parent but the boy points at his real father or mother",True,97,0.10475161987041037
1163,k18a_10,Infant takes father’s bow and arrows,"When a small boy has to recognize his father among many men, he comes to him and takes father's bow and arrows",True,12,0.012958963282937365
1164,k18b_10,To cease crying,"A baby boy has to recognize his father or mother among many people. When his parent takes him, the boy ceases crying",True,12,0.012958963282937365
1165,k18c_10,Urinates at his father’s arms,"A baby boy has to recognize his father among many men. When his father takes him, the boy urinates at his arms",True,10,0.01079913606911447
1166,k19a_10,Star-wife,A man maries a star-woman,True,45,0.04859611231101512
1167,k19b_10,Star-husband,A woman maries a star-man,True,54,0.058315334773218146
1168,k19c_10,Star-wife hidden in a bag,"During the day time a man hides his star-wife in a bag, gourd-vessel, and the like",True,7,0.00755939524838013
1169,k19d_8,Star’s husband suffers from cold,"When a man who has married a star gets to the sky, he suffers severe cold and dies either of cold or after touching a forbidden fire",True,4,0.004319654427645789
1170,k19e_10,Wolverine under a tree,"When a woman or two sisters descend from sky back to earth, they get to the top of a tree. Some animals who walk by cannot help them or do not want to help. Wolverine gets women down because he plans to marry them but they escape from him",True,13,0.014038876889848811
1171,k19f_10,Stars help to work,Star person or persons descend to earth to work at the garden plot,True,5,0.005399568034557235
1172,k19g_10,Two stars of different color and brightness,"Two stars are men, an old and a young ones. They look different as about their color or brightness but these characteristics do not correlate (the bright star can prove to be an old man and vice versa. Usually two girls wish these stars for husbands and express different preferences (one prefers bright blue star, another wants small and red one, etc.)",True,32,0.03455723542116631
1173,k20_10,Wish for star-husband or wife realized,"A human person admires a star or (rare) the Moon in the sky, wishes for a star. The star descends to him or her or takes him or her to the sky",True,70,0.0755939524838013
1174,k21_10,Woman descends from the sky by rope,"A sky-dweller marries a woman. Being eager to return to the earth, she secretly climbs down to earth by a rope",True,17,0.0183585313174946
1175,k22_3,Dwarfs and cranes,Different from (common) people inhabitants of a distant land fight with non-human enemies who periodically attack them,True,39,0.042116630669546434
1176,k22a_10,Dwarfs attacked,Birds or other creatures which not dangerous for common people attack dwarfs who live in another world,True,25,0.026997840172786176
1177,k22aa_10,"Humans in the south, birds in the north",A man gets to the country inhabited by migratory birds. They have there human guise but turn into birds going back to the north,True,3,0.0032397408207343412
1178,k22b_10,Man helps inhabitants of other world,Inhabitants of a distant land who have different nature than (normal) human beings struggle from time to time with some non-human enemies. Man helps local dwellers because their enemies are not dangerous for the human beings,True,42,0.04535637149028078
1179,k22c_10,Birds attacked,Inhabitants of a distant country suffer from periodic assaults of the enemies which are not dangerous for common people. These enemies (and sometimes the inhabitants of the country too) are birds,True,8,0.008639308855291577
1180,k23_10,Battle with birds,Birds attack the inhabitants of a distant land or a man who had got to this land,True,35,0.03779697624190065
1181,k23a_8,Feathers are the birds’ weapon,Birds use their feathers as arrows or their arrows and down stick mouth openings of them enemies,True,7,0.00755939524838013
1182,k24_10,Stolen clothes of supernatural woman,"Women who possess supernatural power and usually come from a non-human world (from sky, from under the water, they are winged beings, bird- or animal-persons) take off their clothes (feather skins and the like) or part of it. After the man hides clothes, their owner has to marry him or help him",True,205,0.22138228941684665
1183,k24a_10,Supernatural male hides clothes of human girl,"Supernatural male person (often a snake, a dragon) hides clothes of a human girl or sits on it. To return her clothes she had to become his wife",True,38,0.04103671706263499
1184,k24b_10,To dance in her magic clothes,"Magic wife gets her wings back and flies away after she pretends that putting her real clothes she would be more beautiful, a better dancer, etc.",True,18,0.019438444924406047
1185,k25_10,Woman from sky-world marries mortal man,"A man gets a woman connected with the upper world (bird-maiden, sky fairy, star-woman, etc.), she becomes his wife or (rare) adopted daughter",True,281,0.30345572354211664
1186,k25a1_10,Magic wife finds her clothes,"Magic wife abandons her mortal husband when she finds her clothes (often, her feathers if she is a bird-woman), makes herself the new clothes, receives them from her kin or her husband gives her her clothing believing that she will not abandon him. (Versions with magic wife abandoning her husband because she feels herself offended is not alternative to the “found clothes but in most of the texts these motifs are not combined)",True,80,0.08639308855291576
1187,k25a2_10,Thrown down feathers,Magic wife flies away or makes attempt to fly away when her bird relatives throw down her feathers (wings),True,7,0.00755939524838013
1188,k25b_10,Woman pursues a porcupine and gets to the sky,"Pursuing a porcupine, woman climbs a tree and gets to the upper world",True,7,0.00755939524838013
1189,k25c_10,Baby under a tussock,"Digging roots or gathering sea food on a beach, a woman finds baby-boy. Usually her mother warns her not to dig a certain bulb or not to do it in a certain way. Breaking taboo, the woman finds or conceives baby-boy",True,10,0.01079913606911447
1190,k25d_10,Prohibited bulb in the sky,"Person gets to the sky, makes hole through the firmament digging out a root. Usually woman's husband or his kinsmen warn her against digging out a special bulb or tuber; breaking taboo, she gets to see the earth, decides to descend",True,30,0.032397408207343416
1191,k26_10,A hole in the firmament,"Finding a hole in the ground or making it, person gets to see below another world. Usually the earth is seen from the sky",True,86,0.09287257019438445
1192,k26a_10,Sky opening covered with a stone,"Opening in the firmament is covered with a flat stone. When person puts the stone aside, he or she gets to see the earth",True,14,0.01511879049676026
1193,k27a_10,Ordeal: survive frosty night,An ordeal: to survive frosty night outdoors or in chamber with ice,True,15,0.016198704103671708
1194,k27b_10,Ordeal: to smoke a pipe,An ordeal: to smoke a huge or poisonous pipe or to remain alive in poisonous smoke,True,16,0.017278617710583154
1195,k27c_10,Ordeal: knives and thorns,An ordeal: to remain alive after contact with sharp points or blades,True,27,0.029157667386609073
1196,k27d_10,Ordeal: chamber with dangerous beings,"An ordeal: to remain alive in a closed room full of beasts of prey, poisonous or other dangerous creatures",True,12,0.012958963282937365
1197,k27e_10,Ordeal: to eat much,An ordeal: to eat or drink much or eat or drink poisonous beverage or food,True,113,0.12203023758099352
1198,k27f_10,Difficult task: to build a bridge,A task-giver asks to build a bridge (usually of gold etc.) during a very short time,True,76,0.08207343412526998
1199,k27f1_10,k27f1_10,,False,25,0.026997840172786176
1200,k27g_10,Ordeal: to bathe in boiling water,Person is ordered to bathe in a boiling liquid or to jump into fire but he remains unharmed. Usually the adversary attempts to repeat the trick but dies ,True,35,0.03779697624190065
1201,k27h_10,A task: to carve a bench,A task: to carve a bench decorated with representa­tion of the head of the father(or mother)-in-law that is always concealed,True,9,0.009719222462203024
1202,k27hh_10,To sort grain,A task-giver asks to sort a large amount or small particles of different kind (usually seeds of different plants) mixed in container or to count such particles or to pick up the spilled grains,True,87,0.0939524838012959
1203,k27i_10,Task: to dry a body of water,A task: to dry a body of water,True,9,0.009719222462203024
1204,k27k_10,Diving contest,A contest: to dive deep or for a long time,True,23,0.024838012958963283
1205,k27l_10,Task: to get object from bottom of body of water,A task: to get an object from the bottom of a water body,True,13,0.014038876889848811
1206,k27l1_10,k27l1_10,,False,7,0.00755939524838013
1207,k27ll_10,Water covered with ice,"When hero dives, the antagonist covers the water surface with ice or net",True,7,0.00755939524838013
1208,k27m_10,Task: to kill an animal of unusual color,A task: to kill an animal of special (often unusual) color or form,True,32,0.03455723542116631
1209,k27n_10,Tasks of the in-laws,Father or other kinsmen of hero's wife or bride try to kill or test him and/or suggest him difficult tasks,True,337,0.36393088552915764
1210,k27n1_10,Task-giver is a king or a chief,"Person who gives difficult tasks to the hero is a prominent figure in social hierarchy, i.e. a head of political unit of community- or higher level and not a mythical being",True,197,0.21274298056155508
1211,k27n3a_10,k27n3a_10,,False,49,0.052915766738660906
1212,k27n3b_10,k27n3b_10,,False,46,0.04967602591792657
1213,k27n3c_10,k27n3c_10,,False,42,0.04535637149028078
1214,k27nn_10,Envious minister,Not the powerful person himself but his official or adviser tries to get rid of the hero and suggests that the person should give the hero difficult tasks,True,64,0.06911447084233262
1215,k27o_10,Ball game,A contest: ball game,True,38,0.04103671706263499
1216,k27p_10,Antagonist mourns loss of his helpers,"The antagonist sends the hero to the place where he is attacked by dangerous creatures. The hero kills them and brings to the antagonist. The creatures are the antagonist's relatives, pets, or helpers, therefore he or she mourns their death or revives them",True,37,0.03995680345572354
1217,k27p1_10,Antagonist in animal guise,Antagonist asks the hero to kill or to tame a dangerous animal or not to kill certain animal during a hunt. This animal is the antagonist himself (or his daughter or wife),True,34,0.0367170626349892
1218,k27q_10,Task: to bring milk of dangerous animal,A task: to bring milk of dangerous animal,True,51,0.0550755939524838
1219,k27r_10,света,To visit the world of the dead,True,54,0.058315334773218146
1220,k27s_10,Contest: a race,Contest: a race,True,100,0.1079913606911447
1221,k27ss_10,To overcome an old woman,A mighty man has to wrestle or race with an old woman who proves to be very strong,True,16,0.017278617710583154
1222,k27t_10,Climbing contest,A contest: to climb a pole or tree,True,14,0.01511879049676026
1223,k27u_10,Hide-and-seek,Hero and his adversary play hide-and-seek. The hero finds his adversary but the adversary cannot find him,True,64,0.06911447084233262
1224,k27u1_10,One day from conception to birth,A demand is brought up that a baby would be born the next day after conception or would talk immediately after the birth,True,12,0.012958963282937365
1225,k27v_10,Task: to hit an aim,"A task: to hit with an arrow or a stone an animal, a bird, or object (usually placed at the top of a tree or pole)",True,17,0.0183585313174946
1226,k27v1_10,Dancing apples,"A task: to bring objects (usually fruits) that act like people, i.e. dance, sing and the like",True,15,0.016198704103671708
1227,k27w_10,Monster brought by the hero kills the task-giver,"Task-giver asks to bring him dangerous being or object possessed by a moster or deity. Hero fulfills the task. The beast, monster, deity or the object itself kills the task-giver",True,37,0.03995680345572354
1228,k27x_10,Former husband of magic wife,"A man marries a non-human woman. In her world, she has another husband or suitor. She returns to her world, human husband follows her. He stands tests and/or fights with local inhabitants, gets his wife back",True,18,0.019438444924406047
1229,k27x1_10,Invisible servant (“Bring don’t know what”),Hero receives a difficult task (usually to bring an object or creature that have no particular indications and properties) and comes across an invisible person who is a powerful and well-disposed servant to anybody who becomes his master. The hero is kind with him and the person helps him,True,30,0.032397408207343416
1230,k27x2_10,To steal an egg from under a bird,"Person is able to steal an egg (a nestling, to put it back) from under the bird (to change the bird’s feather; to steal an embryo from animal’s womb, etc.)",True,36,0.038876889848812095
1231,k27x3_10,The man persecuted because of his beautiful bride,A powerful person coverts a beautiful bride or wife of a man and gives him impossible tasks to get rid of him,True,78,0.08423326133909287
1232,k27x4_10,To climb a tree with a full glass in hand,"Person must climb a tree (pole, rock) with a full open vessel in hand and not a drop should be spilled",True,8,0.008639308855291577
1233,k27y_10,To get material for making bow and arrows,"Hero is sent or sets off by his own will to get two or more different materials needed for making bow and arrows (wood or reed for shafts, feathers, tendons for string, flint for points, paint to paint the shafts, gum to stick points to the shafts)",True,25,0.026997840172786176
1234,k27yy_10,To get a bird from a tree,"Hero is sent to a dangerous tree or rock to bring feathers, nestling, fruits, bark, etc.",True,24,0.02591792656587473
1235,k27z_10,Game of chance,Confrontation between the hero and his antagonist has a from of a game of chance,True,33,0.035637149028077755
1236,k27z1_10,"Not to take a cage, a bridle","Trying to steal a wonderful bird (horse), hero breaks his helper’s instruction (usually not to take anything else besides the animal or object itself) and is caught but released on condition that he brings another wonderful object. Situation is repeated and the last task is to bring a girl. Ultimately the hero gets both the girl and all the objects",True,18,0.019438444924406047
1237,k27z2_10,Wife gives birth to her husband’s son  while husband is absent,A man who is far away from his wife visits her using magic or a wife visits her husband incognito. She gives birth to his son but people believe she was untrue to her husband. Ultimately her chastity is recognized,True,13,0.014038876889848811
1238,k27z3_10,The cat with the candle,"A man trains a cat (monkey, dog) to hold lighted candle (lamp) on its head. When a mouse (a rat) runs through the room, the cat drops the candle and chases the mouse",True,37,0.03995680345572354
1239,k27z4_10,Trained animal of the gambler,"Person always wins a game thanks to a cat (or a mouse) who carries the lamp (or puts the light out in a certain moment). The hero releases a mouse (or correspondingly a cat), the cat runs after it and the person loses the game",True,21,0.02267818574514039
1240,k27z4a_10,k27z4a_10,,False,3,0.0032397408207343412
1241,k27z5_10,An agreement to marry the would be born children,"Two men agree to marry their future children if a girl and a boy will be born. The boy is poor or he loses his former status after his father’s death, the girl’s parents decide to evade the given obligation. The boy grows up and finds his bride",True,13,0.014038876889848811
1242,k27z6_10,The stone of patience,Being a victim of the injustice and after much suffering a young woman tells about her fate to certain inanimate objects (often it is “the stone of patience”) or her story is told by her husband. The woman is rescued and the justice restored,True,25,0.026997840172786176
1243,k27z7_10,k27z7_10,,False,11,0.011879049676025918
1244,k27zz_10,Ogress and blinded wives,"A married man marries another woman who is a transformed ogress/witch. Thanks to her intrigues other wives (the first wife) are blinded and/or confined in an underground hole. A son of one of them overcomes the ogress, returns sight to his mother and her sisters",True,22,0.023758099352051837
1245,k28_10,Father or uncle is rival and enemy,Maternal uncle or father (or grandfather if he replaces father who is not mentioned) of the young man is his rival or enemy and tries to kill him,True,171,0.18466522678185746
1246,k29a_10,Survives in a fire,"Hero demonstrates his supernatural abilities remaining alive in a burning hot chamber, stove, bonfire, among burning vegetation",True,151,0.1630669546436285
1247,k29b_10,Posthole murder,"Hero is asked to climb into a hole or pit. When he does it, they fill it with soil or throw down a post, a stone, etc. The hero demonstrates his magic capacities coming back uninjured",True,28,0.03023758099352052
1248,k29c_10,Brings tree that was fallen on him,"To kill a strong man, others fell a tree and hope that the man will be crashed when it falls on him, or they tie him to a tree. The man remains unharmed and brings the tree home",True,9,0.009719222462203024
1249,k29d_10,The drunk elephants,"When water in a spring is replaced with alcohol, a big animal becomes drunk and is caught",True,12,0.012958963282937365
1250,k30_10,Flying enemy abducts woman,Flying person or creature abducts a woman but is ultimately killed or the woman escapes from him,True,74,0.07991360691144708
1251,k30a_10,The chief’s wife and vultures,Wife of a chief abandons him with vultures (usually by her own will being untrue to her husband). The chief (Witoto: her own brother) brings her back,True,9,0.009719222462203024
1252,k31_10,Wooden seal,"Person makes a sea mammal or fish of wood, it carries another person or persons into the open sea or kills him or them",True,16,0.017278617710583154
1253,k32_10,The false wife,"An ugly, old, lazy, etc. woman or a male trickster comes to man under disguise of his wife, bride or (more rare) sister who is driven out, confined to the underworld, killed, etc.",True,240,0.2591792656587473
1254,k32a_10,Husband goes away for a moment,Man travels with his wife. The imposter replaces her when her husband goes away for a short time,True,16,0.017278617710583154
1255,k32b_10,Mother substitutes daughterMother takes the appearance of her daughter to replace her,,False,19,0.020518358531317494
1256,k32c_10,True wife turns into owl,"When the imposter takes place of the real wife, the latter turns into owl",True,8,0.008639308855291577
1257,k32d_10,True bride sent to work,"A girl (rare: boy) is walking to her or his relations or to her bridegroom. On the way the imposter lures her (him) to exchange clothes and takes her (his) place while the real girl (boy) is sent to look after crops or domestic animals. People hear her (his) song in which all the story is told. The deception is disclosed, the imposter killed",True,35,0.03779697624190065
1258,k32e_10,"Ones of gold, of silver, of wood",Negative person or place is contrasted with one or two positive ones as wood with silver and gold,True,6,0.0064794816414686825
1259,k32f_10,Bird-son rescues his adopted mother,"An evil spirit abandons a girl or a young woman in a tree or islet. She takes care for a nestling of bird of prey, he grows big, rescues her",True,6,0.0064794816414686825
1260,k32g_10,Punishment: torn apart by horses,"To punish an antagonist, he or she is tied to a horse (camel, bull) or to several horses (camels, etc.) who torn him or her apart",True,79,0.08531317494600432
1261,k32h_10,Punishment: buried alive,"To punish an antagonist, he or she is buried alive",True,11,0.011879049676025918
1262,k32i_10,Two sitters at the bed of a sleeping prince,A girl finds a body of a sleeping youth who will wake up at a certain time and marry  the girl who would sit nearby. Usually at the last moment the girl goes away for a time and the impostor takes her place.,True,21,0.02267818574514039
1263,k33_10,Drowned woman remains alive,"A young woman is transformed into an animal, pushed into the water, into the underworld or she herself has to plunge into water. She is not dead, answers a call, comes out to nurse her baby, to help her children. In most cases her husband discovers her, brings her back to earth or helps her to acquire her human form",True,138,0.1490280777537797
1264,k33a_10,Younger brother transformed into animal,"Siblings (most often younger brother and elder sister) leave their home. One of them (most often the brother, most rare several brothers) turn into animal (usually an ungulate) or (rare) a bird but (in the most cases) ultimately acquires his or her human form again",True,63,0.06803455723542116
1265,k33a1_10,Children born in a well,"Pregnant woman is thrown into a well (pond, hole, etc.) where she gives birth to a son (children). She and her children brought alive",True,17,0.0183585313174946
1266,k33b_10,Friends abandon a pretty girl,"A girl goes with her friends to a river, into a forest, etc. Other girls return home but the heroine has to remain or to go back to the forest, etc. She has a narrow escape from a dangerous creature. marries a supernatural being or a chief, or dies but is avenged",True,32,0.03455723542116631
1267,k33c_10,Girl from a fruit,Young man gets a girl who is inside a fruit or a flower,True,35,0.03779697624190065
1268,k33d_10,Donkey’s skin,"A man discovers that a beautiful girl hides herself under a guise of an ugly and dirty servant, under a skin of an animal or in an object that is brought into his house",True,70,0.0755939524838013
1269,k33e_10,Disappeared and returned children,Babies disappear but are ultimately returned to their mother or father grown up and in good health,True,30,0.032397408207343416
1270,k33f_10,Basin of honey and basin of oil,"Person promises to fill one basin (fountain, dry river-bed, etc.) with honey and another with oil (milk, etc.) if his wish would be granted. He fulfills the promise either really or formally (honey etc. from broken containers is spilled on earth) ",True,8,0.008639308855291577
1271,k33g_10,Fruits of two kinds,"One who eats certain fruit (leave, etc.) gets horns (long nose, etc.) or turns into an animal. After eating another fruit (leave) person recovers his or her normal body",True,49,0.052915766738660906
1272,k33h_10,"The cat, the dog and the magic object",A man obtains an object that fulfills desires. The object is stolen but brought back by the animals which had been formerly saved by the man,True,91,0.09827213822894168
1273,k34_10,Fatal swing,"Person kills others inviting them to sit on a swing and launching them into water, on rocks, etc.",True,48,0.05183585313174946
1274,k35_10,False husband,Imposter takes appearance of the hero to take his position and/or to marry or to violate a woman,True,75,0.08099352051835854
1275,k35a_10,Hero brands his rivals,"Person who is an excellent food provider or warrior agrees to let the others material proves of his exploits (the killed game, etc.) for the right to brand them or injure their bodies in a certain way or to take from them objects that they should not give off",True,49,0.052915766738660906
1276,k35b_10,The most delicious dish,"Hero gives his rivals the food provided by him by order of the king but the king finds this food poisonous, useless or tasteless while the food presented by the hero is excellent even if it looks not so good",True,17,0.0183585313174946
1277,k35c_10,Ogre in a well,An ogre (a dragon) kills everybody who comes to him. The hero is not killed but receives a reward because he greeted the ogre and/or gave a correct answer to his question,True,18,0.019438444924406047
1278,k36_10,"Герой (героиня) временно превращен(а) в животное (обычно в собаку/койота или в осла и т.д.). Обычно когда ему или ей помогают вернуть прежний облик, в животное превращен антагонист. В части текстов метаморфозу испытывает либо только герой, либо только антагонист",Bewitched into animal,True,98,0.10583153347732181
1279,k37_10,To recognize his own among several identical ones,"To return or to get his or her son, wife, husband, domestic animal or (rare) object, person must recognize her, him or it among several identical persons, animals or objects",True,130,0.14038876889848811
1280,k37a_10,To recognize a man,Person must recognize her (or his) son or husband among several identical persons or (if the son or husband is temporarily transformed) animals,True,37,0.03995680345572354
1281,k37c_10,To recognize an object or an animal,Person must recognize a particular object or animal among several similar objects or animals,True,6,0.0064794816414686825
1282,k37d_10,k37d_10,,False,6,0.0064794816414686825
1283,k38_10,Hero helps nestlings,"Person does good to nestlings of a powerful bird, the grateful mother bird helps him",True,89,0.09611231101511879
1284,k38a_10,White and black rams,"Getting to the underworld, hero should take a white ram (horse) which would carry him back to earth. By chance, he takes the black one which carries him even deeper to the lower level of the underworld",True,31,0.03347732181425486
1285,k38b_10,Snake threatens nestlings,A serpent or water monster regularly devours or injures children of powerful being (almost always: nestlings of giant bird). The bird has no power over the serpent but hero kills the monster,True,75,0.08099352051835854
1286,k38b1_10,"Bird steals colts, hero kills the serpent","Every time when a horse gives birth to wonderful colts, they are stolen by a giant bird. A hero goes to get the colts and kills a serpent that regularly devours nestlings of the giant bird",True,4,0.004319654427645789
1287,k38b2_10,"Birds carries hero to its place, hero kills the monster",Bird carries a man to its place where he kills a monster who regularly devoured the nestlings,True,6,0.0064794816414686825
1288,k38c_10,Bird carries hero to his destination,"Hero helps a powerful bird (usually does good to her nestlings), grateful bird carries him to the place where he is eager to get or tells to do it one of her nestlings",True,39,0.042116630669546434
1289,k38d_10,Monster blocks waters,A monster blocks sources of water and usually gives some in exchange for human victims or valuables. Hero kills the monster,True,68,0.0734341252699784
1290,k38e_10,"Of copper, of silver, of gold","Loci or objects of three (rare – four) different materials are mentioned in such a way that all of them have positive connotations though unequal value (copper, silver and gold; silver, gold and diamonds, etc.)",True,37,0.03995680345572354
1291,k38e1_10,Forest of metal trees,"Person travels across a forest with trees of two or more kinds of metal (copper, silver, etc.)",True,15,0.016198704103671708
1292,k38e2_8,The packed kingdom,"Coming back from the underworld, abducted princess puts objects that she used there (clothes, house, “kingdom”) into a small container (an egg, a ball, etc.) and brings them with her",True,12,0.012958963282937365
1293,k39_10,Man feeds his own flesh to his animal helper,"Person has to feed powerful creature (usually a giant bird) giving it regularly pieces of meat. When meat supply is exhausted, he cuts off a piece of his own flesh",True,75,0.08099352051835854
1294,k40_10,"One laughs, another weeps",Hero sees two persons or creatures one of which laughs and another cries. The one who cries will be eaten by monster today and the one who laughs he will be eaten tomorrow. The hero kills the monster,True,13,0.014038876889848811
1295,k41_10,Thunder against a serpent ,"Thunder or giant bird fights against a reptile, big water animal or other big and strong creature who lives in water or under the earth",True,70,0.0755939524838013
1296,k42_10,Bird-woman kills men (The loon-woman),"Bird-woman is energetically searching a man whom she likes, takes him by force for her husband. Turning into a monster, she kills men but is ultimately destroyed",True,10,0.01079913606911447
1297,k43a_10,Compassionate person saves fire,"People abandon a boy, a girl, brother and sister, a group of children, or a young family without fire and food. A compassionate person conceals hot coals for the outlaws in the abandoned camp",True,38,0.04103671706263499
1298,k43b_10,Bird brings some meat,"People abandon a boy, a girl, brother and sister, a group of children, or a young family without fire and food. The outlaws demonstrate supernatural powers or protectors providing food and lodging. While the abandoned persons have plenty of food other people starve. A person (often a bird like crow, magpie, sea-gull, etc.) visits the abandoned ones and brings from them some food home. This way people get to know that the abandoned ones prosper",True,24,0.02591792656587473
1299,k43c_10,Dog unfastens children,Abandoned children are tied to a tree. Helpful dog or other animal unfastens them,True,9,0.009719222462203024
1300,k44_10,False parent,"Spirit or animal person steals a boy, tells him that she or he is his real mother or father. The boy gets to know the truth, leaves the false parent",True,37,0.03995680345572354
1301,k44a_10,Frog pretends to be mother,"An amphibian (frog, toad, rare newt) steals or finds a boy, lies him that she is his real mother",True,15,0.016198704103671708
1302,k44b_10,k44b_10,,False,7,0.00755939524838013
1303,k45_7,Sedna (fingers cut off),"A man throws a woman into the water. She tries to snatch at something, he cuts her fingers off. Usually the woman or/and the cut off fingers turn into water creatures",True,12,0.012958963282937365
1304,k46_10,Woman throws herself into the ocean,"Giving way to a burst of horror or shame, woman or girl runs to the ocean, throws herself into the water or remains on the beach. Her husband or suitor pursues but cannot catch her",True,8,0.008639308855291577
1305,k47a_5,A woman and a dog,"A woman takes a dog paramour, marries him, gives birth to his children. The puppies turn into human children and usually become ancestors of some groups of people",True,80,0.08639308855291576
1306,k47b_9,Dog turns into handsome man,A girl marries a handsome man whom she had first seen in guise of a dog,True,20,0.02159827213822894
1307,k47c_7,Origin of dogs,"A woman marries a dog, gives birth to the ancestors of present dogs who are people's helpers and friends",True,3,0.0032397408207343412
1308,k47d_10,Dog fulfills conditions of marriage,A girl marries a dog because only the dog fulfilled the condition of marriage put by the girl's father,True,10,0.01079913606911447
1309,k48_10,Singing bird of the hero,"Hero has or obtains an unusual bird. An imposter steals it, takes the hero’s place but the bird is mute or cries differently. The hero returns, his bird sings again",True,22,0.023758099352051837
1310,k48a_10,Birds decorate hero’s attire,"Alive birds and beasts decorate hero's costume and headgear. Imposter steals hero's attire, takes his place but the birds and beasts are mute or cry differently",True,11,0.011879049676025918
1311,k49_10,Dead mother returns to nurse her baby,Dead or driven away woman returns to the human world to her baby that needs mother's care,True,40,0.04319654427645788
1312,k50_10,False wife beheads enemy,A man disguised as a woman comes to his enemy and kills him at night (usually cuts off and carries away his head),True,21,0.02267818574514039
1313,k51_10,The deceived wife,"A Man disappears or goes away for long time. His wife sets off, comes to a house where her husband lives now or first sends her son there. She gets to know that he has married another woman",True,31,0.03347732181425486
1314,k51a_10,Pushes into a boiling pot,The abandoned wife comes to the new one when the husband is not at home. She kills her rival pushing her head into boiling liquid or pouring it into her ear,True,12,0.012958963282937365
1315,k52_10,Rescue from the sea bottom,"When a woman or a lad comes to the sea bank, she or he is carried away by sea predators (killer-whales, sharks, swordfish). Man descends to the bottom and rescues the woman or lad using his shaman's power",True,13,0.014038876889848811
1316,k52a_10,Slave pours water on fireplace,"A man descends to the bottom of the sea to rescue his wife. He makes arrangements with a slave who pours water on fireplace producing steam. Hidden behind the steam, the man escapes with his wife",True,8,0.008639308855291577
1317,k52b_10,Broken adze,A man comes to the non-human beings to get a woman. He secures the help of a slave repairing his adze or axe,True,9,0.009719222462203024
1318,k53_10,Animal skins as metamorphosis amulets,Person temporarily turns into a bird or an animal putting on corresponding skin or animal skins are amulets that become alive and help the person,True,21,0.02267818574514039
1319,k54_10,Two giants,"A man meets a dangerous giant (or serpent) who proves to be friendly to him. When another giant fights with the first one, the man helps his friend",True,28,0.03023758099352052
1320,k54a_10,Cut tendons,A man and a friendly giant live together. The friendly giant fights with another one and asks the man for help. This help proves to be crucial because the man badly injures a foot of another giant,True,14,0.01511879049676026
1321,k55_10,Chastity rewarded,A powerful supernatural wants to check if his guest made love with his wife or daughter. The person is impotent or (successfully pretends to be) chaste and is rewarded or at least gets no harm. Usually the same episodes repeats with another person who is dissolute or unable to control himself. This person is punished,True,13,0.014038876889848811
1322,k56_10,(Kind and unkind girls,"A girl or a woman meets powerful person, behaves herself in a right way and is successful. Another (or two others) behaves in a wrong way and suffers a reverse (is punished or not rewarded). Rare: the protagonists are a stepchild and a family child of different sex",True,153,0.1652267818574514
1323,k56a_10,"The unworthy girl fails, the worthy one succeeds","Two or three sisters are sent in succession to powerful person. The first or the first and the second sister behave in a wrong way, perish or do not succeed. The last one behaves correctly, gets a reward",True,40,0.04319654427645788
1324,k56aa_10,The dog tests his bride,"Two or three girls in succession become brides of the dog. The first one or two act in a wrong way, perish or do not succeed. The last one behaves correctly, gets a reward",True,5,0.005399568034557235
1325,k56a1_10,Mother-in-law helps the girl to fulfill a task,"Coming to powerful man, a girl must make work that she is unable to do. His mother makes the work for her, and she marries the man",True,5,0.005399568034557235
1326,k56a2_10,"If asked to do in a bad way, do otherwise","Person (usually a girl) gets to the powerful person (usually an old woman) who asks her to act in a strange and harsh way (to put room in disorder, to bring unclean water, and the like). The person does not according to order but in a rationale and polite way and is recompensed. Another person acts according to the direct sense of the words and is punished",True,20,0.02159827213822894
1327,k56a3_10,Not to fix laces on clothes and shoes,"Though laces on her clothes or shoes get loose, a girl on her way to the powerful persons or back should not tie them up",True,6,0.0064794816414686825
1328,k56a4_10,Dog the messenger,"When the kind girl returns home, a dog barks saying that everything is well with her and when the unkind girl returns (or her dead body is brought home), the dog barks that everything is bad",True,19,0.020518358531317494
1329,k56a4a_10,k56a4a_10,,False,5,0.005399568034557235
1330,k56a5_10,Old woman becomes a young beauty,An old or ugly woman is transformed into a young beauty. Usually another old woman tries to imitate her but dies or suffers a reverse,True,15,0.016198704103671708
1331,k56a6_10,Food asks to be eaten,On the way to the non-human world objects ask a child to taste certain food or to fulfill some work. The child does what was asked and is rewarded,True,12,0.012958963282937365
1332,k56a7_10,Strawberries under the snow,In the winter time a girl (rare: a boy) is sent to bring something that is available only in summer. She brings it,True,19,0.020518358531317494
1333,k56a8_10,Swallowed by boa,A girl marries an animal or brings an animal to her home that turns into a handsome man. Her sister or friend tries to do the same but perishes or suffers a reverse,True,13,0.014038876889848811
1334,k56a8a_10,Kind girl returns with a handsome man,"One girl goes to the other world, acts correctly and brings back an animal or a box with a handsome man inside. Another girl acts wrongly and suffers a reverse",True,6,0.0064794816414686825
1335,k56b_10,"The worthy man is rewarded, the unworthy punished","First one, then another man meets a powerful person or persons. The first man is worthy and rewarded with treasure, prestige or the like. The second man (or two men) follows him, behaves in a wrong way and is punished",True,178,0.19222462203023757
1336,k56c_10,Golden axe,"A man loses an axe. A spirit or a powerful official suggests him a golden axe but the man does not accept it. The spirit (official) gives him axes of gold and silver as a reward for his honesty. Usually another man intentionally loses his axe, claims the golden one but receives nothing",True,32,0.03455723542116631
1337,k56d_10,Broken leg of a nestling,"A man cures injured bird, it brings him a seed from which something valuable grows. Another man intentionally injures and then cures a bird, kit brings him a seed from which something harmful grows",True,10,0.01079913606911447
1338,k56e_10,Two humpbacks,"Two men have a similar defect (a hump, a lump). One spends a night in a place where spirits free him from his defect. Another comes to the same place but spirits double his defect giving him what they had taken off from the first man",True,30,0.032397408207343416
1339,k56f_11,To divide a chicken,"A man divides a cooked chicken (goose) according to social ranks of the people (e.g. head of the household gets chicken’s head, his daughters get wings, etc.), takes himself not prestige but meaty parts and is rewarded. Another man brings several chickens but is unable to divide them in a proper way. The first man is called again, divides chickens with ingenuity and is rewarded again",True,16,0.017278617710583154
1340,k57_10,Cinderella,A girl who conceals her beauty and/or is poor and oppressed by her stepmother puts on a splendid attire and comes incognito to a feast where a man of high status falls in love with her. He marries her after identifying her by an object given to her or lost by her or (rare) seeing how she changes her clothes,True,88,0.09503239740820735
1341,k58_10,Construction of watercourse: a tragic love,"Person builds a watercourse as a condition of marriage. When the work is fulfilled, the woman breaks her promise. She or her bridegroom usually die",True,10,0.01079913606911447
1342,k58a_10,Water for love,Person brings water or a river with fish to the place where a girl agrees to marry him and does not do it if the girl is unwilling,True,13,0.014038876889848811
1343,k59_10,Box for Osiris,"One man puts another into a box, closes the lid (or ties him to a board, to canoe, etc.) and puts the box adrift. It floats to another land, man is released there, returns home, revenges on his enemy",True,25,0.026997840172786176
1344,k60a_10,How strong are bonds?,Person lets be firmly tied up when another one say that it's only a joke (e.g. a test to see can the first one break bonds),True,31,0.03347732181425486
1345,k60b_10,Invitation to coffin,"Person is lured into a trap being invited to lie in a box or a hole to measure it. Being unable to liberate himself from the box etc., the person remains in power of his enemies",True,63,0.06803455723542116
1346,k60c_10,"Touchy with king, patient with stableman","King’s wife is extremely touchy and cannot suffer a slightest pain. She does not say a word, however, when her lover who is a servant or a demon is beating her",True,15,0.016198704103671708
1347,k61a_10,To get know a secret,"To get know the precise number of certain units, to select certain object among many others, to get know a name of particular person or a reason of particular phenomenon, person tries to surprise the possessor of the knowledge who becomes to speak aloud and unintentionally names the corresponding number, specifies the object, etc.",True,18,0.019438444924406047
1348,k61b_10,To get know names,Person is eager to get know names of several strangers. He hides himself and creates situations when the strangers call each other by name,True,11,0.011879049676025918
1349,k61c_10,To name a demon,"A demon suggests to fulfill a difficult work if the person tells him his name after the work is done. At the last moment the person gets know the name by chance, the demon disappears and the person rewarded for being such a good worker. Or the demon comes to take a child but agrees to give it back if the parents guess his (the demon's) name",True,34,0.0367170626349892
1350,k61d_11,Hard work made her ugly,"Young woman’s bridegroom or husband gets to believe that she is extraordinarily industrious. To conceal the deception, she herself or somebody else makes the man believe that because of hard work women become ugly or change into animals. The man prohibits his wife to work anymore ",True,37,0.03995680345572354
1351,k61e_10,Woman rewarded for making a person laugh,"When a powerful (supernatural) person gets to see a woman in a ridiculous situation, he or she becomes to laugh (and thus cured from his disease). The woman is rewarded, saved from a danger ",True,8,0.008639308855291577
1352,k62a_10,Quarrel of mouse and bird,"The war between animals and birds begins because a mouse (rat, mole, etc.) and a small bird cannot divide supplies for winter",True,29,0.03131749460043196
1353,k63_8,Hunting wild people,A man gets to a country which inhabitants hunts of fish people whom they consider wild and equivalent to the real game or fish,True,12,0.012958963282937365
1354,k64_10,Escape from Polyphemos’ cave,Person gets into dwelling of master of animals or monstrous shepherd. The host can kill him. The hero escapes sticking to hair of one of the animals who are going out,True,70,0.0755939524838013
1355,k64a_10,Blinded cyclops,Person blinds sleeping ogre and escapes from him,True,58,0.06263498920086392
1356,k64b_10,Object sticks to a body,"Hero's adversary provokes him to touch an object that proves to be sticky. The hero sticks to it, sometimes has to cut off his finger",True,22,0.023758099352051837
1357,k65_3,Genii loci,"Being thrown out, put into certain places, born by primeval couple some beings turn into spirits of particular loci",True,27,0.029157667386609073
1358,k65a_3,Spirits fall from the sky,"Being thrown down (usually from the sky), some beings get to different places and turn into spirits or animals with particular functions and names",True,29,0.03131749460043196
1359,k65b_5,People and spirits,"Spirits or unpleasant animals (reptiles, worms, etc.) are (often: concealed from the eyes of God or deformed) children or miscarriages of the same human couple or the same primeval ancestor who produced first human beings",True,38,0.04103671706263499
1360,k65c_5,Unwashed children of Eve,A woman gives birth to many children but conceals part of them (rare: all) from God. The concealed children become poor people or non-human beings,True,33,0.035637149028077755
1361,k65c1_5,Separating the rich from the poor,A woman gives birth to many children but conceals part of them from God. The concealed children become ancestors of the people of the lower social status while those that had been shown to God become ancestors of the high status people,True,16,0.017278617710583154
1362,k65d_5,Wrong marriage ritual and the birth of spirits,"The primeval couple is married. First wife has miscarriages or gives birth to spirits, worms or other unpleasant animals. Later, usually after the proper marriage ceremony is organized, she becomes to give birth to real human beings or gods",True,6,0.0064794816414686825
1363,k66_10,Extraordinary companions,"Several companions have extraordinary abilities (one who runs fast, one who eats great quantities, one who produces or can withstand severe frost, etc.)",True,142,0.15334773218142547
1364,k67_11,Burned moccasins,"Two men spend a night in a forest, take their moccasins or clothes off usually to dry them near the fire. One plans to burn the moccasins or the clothes of another at night. The latter imperceptible interchange their things and the first man burns his own property",True,22,0.023758099352051837
1365,k67a_11,Drowned wife,A socially weak man is a nuisance for stronger persons. He gets to know that they plan to drown him and tricks them to drown instead one of them or their own property,True,45,0.04859611231101512
1366,k67b_11,Bargain not to become angry,"Person of a low social position (who has no supernatural abilities) agrees to a contest with a person of high social position (or with an ogre, etc.)that whoever becomes angry first must suffer a severe punishment. The weaker person abuses the stronger one until the latter erupts in anger.",True,80,0.08639308855291576
1367,k68_10,Blood-clot defends his stepfather,"A weak man abused by a strong one (often his son-in-law) brings home a clot of animal’s blood, from which a child is born. The blood-clot boy avenges the old man",True,11,0.011879049676025918
1368,k69_10,A visit to God,"A group of persons decide to go to the end of the world to meet the Sun or other supreme god. One (or several) of them perish on their way, some reach destination, at least one returns home using the shorter way than the one they have took before",True,20,0.02159827213822894
1369,k70_10,Two wives: the woman and the frog,"One brother takes a girl, another a frog or toad for a wife, both bring them to their parents, or one man takes two wives, a woman and a frog. Both wives are suggested to pass a test. The girl’s behavior is approved, the frog’s poor qualities are revealed",True,15,0.016198704103671708
1370,k71_10,Coyote first betrays and then saves his brother,"Coyote's brother is victorious against numerous enemies as far as Coyote does not break some taboo. Enemies kill the brother. Coyote gets his remains, escapes, revives him",True,12,0.012958963282937365
1371,k72_10,Three maidens,"Powerful person listens in conversation of three or two women. Each one say what she would do if the person marries her. One promises to bear his son who would have wonderful qualities (or a son and a daughter), two others promise to practice some work or marry other people",True,78,0.08423326133909287
1372,k73_10,Children of the youngest wife,"A young woman promises to bear a wonderful child. In her husband's absence other people (co-wives, mother-in-law, etc.) try to kill the mother and/or the child, usually slandering her",True,149,0.16090712742980562
1373,k73a_10,Baby child substituted with pup,Rivals of the beloved wife hide or throw away her baby and substitute it with an animal (usually with a pup) or object,True,106,0.11447084233261338
1374,k73a1_10,Baby substituted with a broom,"Rivals of the beloved wife hide or throw away her baby and substitute it with a broom, stone or other inanimate object",True,20,0.02159827213822894
1375,k73b_10,Innocent woman punished,A woman who was falsely accused of killing her new-born child or giving birth to pups and the like is punished in such a way that she must suffer from filth and be taunted by passers by,True,45,0.04859611231101512
1376,k73c_10,Bird carries baby-girl to its nest,"A bird carries away a baby-girl, brings her up in its nest, the baby becomes a beautiful girl",True,8,0.008639308855291577
1377,k73d_10,A younger daughter instead of a son,A man who has only daughters needs a son to fulfill the task fit for men (usually to send a son to a prince who needs a soldier). His daughters in succession disguises themselves as men. The elder are scared by dangers and come back but the younger resolves the task. (In Balkan and Caucasus tales the father meets daughters disguised as a robber or a predator animal). See motif F70E,True,7,0.00755939524838013
1378,k74_10,"Hero, his companions and a dwarf","The hero and his companion or companions live together. Every morning one stays at home while another or others go to hunt, etc. A demonic person comes, eats up all the food and beats the cook. Or the man who remained at home comes to the demon himself in search of fire and is maltreated by him. The hero kills or neutralizes the demon",True,105,0.11339092872570194
1379,k74a_10,Demon claims food and is wounded,"A demonic person comes to the hero and claims food that the latter possesses or cooks. The hero overcomes and wounds him, follows his trace and comes to his world",True,71,0.07667386609071274
1380,k75_10,Bridegroom of the youngest daughter (The loathsome bridegroom),"A girl (usually the youngest of several sisters) does not reject but marries a poor, sick, dirty, old, too young, non-human, etc. man who later demonstrates his supernatural qualities",True,189,0.2041036717062635
1381,k75a_10,Thrown apple hits the chosen one,"Boy or girl selects one person among many throwing an object (usually an apple) into him or her. This way a girl makes a choice of a husband, a young man of a bride, a boy identifies his father",True,32,0.03455723542116631
1382,k76_10,A strange son,"A boy or (rare) a girl born in family or found by his adoptive parents has strange guise (ball of meat, nut, bag, half of a man, an animal). He or she possesses magic power and usually marries a princess (a prince)",True,120,0.12958963282937366
1383,k76a_9,Son the frog.,"An (adoptive) son is a frog. He marries a princess, turns into handsome man.",True,14,0.01511879049676026
1384,k76b_9,Son the snake.,"An (adoptive) son is a snake. He marries a princess, turns into handsome man.",True,31,0.03347732181425486
1385,k76c_9,Son the gourd.,"An (adoptive) son is a gourd. He marries a princess, turns into handsome man.",True,11,0.011879049676025918
1386,k76d_9,Son the hedgehog,"An (adoptive) son is a hedgehog. He marries a princess, turns into handsome man.",True,13,0.014038876889848811
1387,k76e_9,Son the pig,"An (adoptive) son is a pig. He marries a princess, turns into handsome man.",True,7,0.00755939524838013
1388,k77a_10,Small objects and animals defeat the ogre,"Small objects and animals (rare: animals alone but including harmless and passive ones, e.g. on the dry land fishes) revenge on a powerful enemy making attack on him in succession (usually they hide in his or her house); the enemy is badly injured, runs away or dies",True,89,0.09611231101511879
1389,k77b_11,Bremen town musicians,Domestic animals get to a place where they meet predators. They frighten them making them to escape,True,62,0.06695464362850972
1390,k77b1_11,k77b1_11,,False,49,0.052915766738660906
1391,k77bb_11,Weapons of a goat,"A predator animal asks a goat (a ram, etc.) about a purpose of certain parts of his body. The goat describes every part as a weapon able to injure his opponent or the goat really possesses weapons",True,14,0.01511879049676026
1392,k77c_11,Ones who hide in a house frighten dangerous enemy,"Objects and/or domestic animals live in a house. When dangerous enemy comes, they attack him, he dies or escapes (all texts with K77A and K77B included)",True,92,0.09935205183585313
1393,k78_10,Extracted from finger,"An ogre (an ogress) swallows people, is killed but the people are not found in his or her belly or are found dead. Only when the ogre's finger is cut off, the hero finds a remedy to revive the people or the swallowed up (the swallowed hero himself) come out alive from the finger of the ogre",True,24,0.02591792656587473
1394,k79_10,Snake serves an example of resuscitation ,"Person in a desperate situation gets to see how a snake or other small animal uses remedy to revive or to cure itself or other animals. The person uses the remedy, succeeds",True,64,0.06911447084233262
1395,k80_10,Person not subject to annihilation,Person turns into different objects which another person tries to destroy. Every time a particle of an object remains and undergoes a new metamorphosis. In most case an imposter replaces the true wife or bride and attempts to destroy her but her vital essence passes to different plants and objects. Ultimately the woman acquires her human image again,True,69,0.07451403887688984
1396,k80a_10,Pipe tells about a murder,"An object or a creature that emerged from remains, decorations, etc. of a killed person tells about his or her fate. Usually a reed grows from the person's grave and a pipe made from the reed tells the story",True,58,0.06263498920086392
1397,k80b_10,"Killed by the stepmother, eaten up by the father,","The (step)mother kills or orders to kill her small (step)son, eats him or feeds his flesh to her husband. The son revives, usually in the form of a bird who tells about the crime.",True,43,0.04643628509719223
1398,k80c_10,The cranes of Ibycus,"Person becomes a victim of a murder. Just before dying he or she calls on some birds (animals, celestial bodies, etc.) to bear witness for the crime. Getting to see these birds (the animal, the Moon, etc.) the murderer reveals himself without thinking. Or the birds, being the only witnesses, bring the investigators to the murderers",True,27,0.029157667386609073
1399,k80d_10,The stuck in pin,"Person is bewitched (transformed into a bird, faints) when a pin or other sharp object is stuck into her (rare his) body",True,28,0.03023758099352052
1400,k81_10,The handless girl,For minor offence or because of a false accusation a man maims (rare: kills) a girl or young woman and drives her out of his house or (rare) the girl maims herself. The maimed person magically obtains her body integrity (the dead revives) and is happily married,True,84,0.09071274298056156
1401,k82_10,Evil sister-in-law,Wife of a man or wives of a group of brothers envy his (their) sister and tries (try) to destroy her,True,44,0.047516198704103674
1402,k83_10,The sons on a quest for a wonderful remedy for their father,"To cure his father (father-in-law, sister) or to make him young again hero must bring a remedy from a distant country. He fulfills the task, the sick person is cured (becomes young)",True,90,0.09719222462203024
1403,k84_10,Sisters married to animals,Several sisters marry different animals or demons. Usually their husbands help their brother,True,65,0.07019438444924406
1404,k85_10,Horses-brothers,An antagonist possesses a horse which can overtake any other. Hero obtains the brother (sister) of this horse who is the only one to win the race with the antagonist's horse,True,17,0.0183585313174946
1405,k86_10,Weeping child stolen,"Because a small child is ignored or punished by its parents (usually it cries late in the evening), bush spirit or animal carries it away",True,65,0.07019438444924406
1406,k87a_10,A stolen boy,A forest woman receives or steals a small boy and brings him up to make him her paramour,True,9,0.009719222462203024
1407,k87b_10,Woman steps into bears’ dung,"Gathering berries a woman steps into bear's dung and curses bears. A bear abducts her and marries her. Her human husband, her brothers, or supernatural person kill the bears",True,10,0.01079913606911447
1408,k88_10,Eyes for food,For minor compensation or because of deceit person lets another one to make him blind,True,49,0.052915766738660906
1409,k89_10,A girl and a witch: presents of kinsfolk,"A girl and a witch marry two brothers. Both daughters-in-law have to bring presents from their kinsfolk. The girl finds her brother, brothers or sister whose disappearance was described in the beginning of the tale and receives treasure. Presents brought by the witch worth nothing",True,15,0.016198704103671708
1410,k89a_10,In search of the place to abandon the sister,A girl with her maimed sister or brother escapes from a danger. The sister (brother) rejects some places where the girl wants to abandon her or him but agrees with her last suggestion,True,6,0.0064794816414686825
1411,k89b_10,Brother abandoned in a tree,"A girl becomes separated with her brothers (or brother) who die, remain in a tree, on a hill, ascend to the sky, etc. After being happily married, the girl once again meets her brothers who have acquired a non-human nature",True,11,0.011879049676025918
1412,k89c_10,Helpful brother is married to bear,A girl parts with her brother or sister who marries a bear and helps the girl,True,12,0.012958963282937365
1413,k90_10,The black and the red ones,"A man gets to see two fighting monsters or animals of contrasted colors (red and black, black and white). He helps one of them and/or one of them helps him",True,26,0.028077753779697623
1414,k90a_10,Stag antlers stuck in serpent’s throat,Antlers of a stag or tusks of an elephant who a serpent tries to swallow are stuck in its throat,True,7,0.00755939524838013
1415,k91_10,An invisible battle,Hero's dogs or horse or (rare) he himself fight with his adversary in the underworld (under the water). Those who are waiting for the outcome of the combat understand who overcomes whom by the color of water or foam that rises to the surface,True,24,0.02591792656587473
1416,k92_10,King Lear,"A man puts his children questions that seem easy to answer (how they love him, who is the elder in the family, etc.). The elder children flatter, the youngest daughter (rare: son) is reserved and her father drives her away or deprives of inheritance. Later her noble nature becomes evident to him",True,60,0.06479481641468683
1417,k92a_10,The princess responsible for her own fortune,A girl driven away from home or married to a poor man become prosperous,True,32,0.03455723542116631
1418,k92b_10,Love you like salt,"A girl answers her father (rare: brother) that she loves him like she loves salt (or that salt is the most valuable, etc.). He becomes angry (usually drives her away) but later satisfies himself that she was right",True,41,0.04427645788336933
1419,k93_10,Twin brothers and a woman,A twin brother or the best friend follows hero's trace and spends a night in his wife's house but rejects to have sex with her,True,36,0.038876889848812095
1420,k93a_10,Sword of chastity,"Sleeping in one bed with a woman, man puts a sharp or thorny object between them as a sign of chastity",True,28,0.03023758099352052
1421,k94_10,Bird of luck (eaten up head),"Person eats magic bird, fish, small animal, or fruit and becomes prosperous and powerful",True,88,0.09503239740820735
1422,k95_10,United in death,Two persons (usually two lovers) are buried in one grave or not far from each other. Two plants which grow on this place interweave or smoke of two funeral pyres is merged,True,33,0.035637149028077755
1423,k96_10,Fifty sons,Many brothers marry or have to marry in such a way that all their wives are (were) sisters,True,66,0.07127429805615551
1424,k97_10,Now you are grieved as I was,A man is going to kill but spares a giant bird. Later when the bird carries him high in the air he pretends to drop him or to abandon him on a rock. This way the bird wants him to feel the same terror that he felt when the man was going to kill him. Or it is the bird that first drops and picks up a man who later makes the bird feel a similar terror,True,18,0.019438444924406047
1425,k98_10,Animal turns into household,An animal or (rare) a person that gave birth to the hero or supported him for a long time asks his master to kill him. Its remains turn into a house with a household where the hero can live,True,30,0.032397408207343416
1426,k99_10,The sold dream,"A young man or (rare) a girl has a (day-)dream that predicts his or (rare) her future triumph. The dreamer either conceals or reports its contest to his family and in both cases is punished for too high opinion of himself. In the beginning the dreamer sometimes sells his dream to another young man, who becomes the protagonist of the tale. Adventures that follow explain the contest of the dream. The youth becomes rich and happy (e.g. marries heiresses of two kingdoms, that in the dream were symbolized by two suns or a sun and a moon), the girl marries king's son",True,64,0.06911447084233262
1427,k99a_10,Father will be attending to his son,A man is told that he will be attending to his son or daughter. He drives his son (daughter) away but the prophecy is fulfilled,True,29,0.03131749460043196
1428,k99b_10,Eloping with the wrong man,At night a girl’s lover has to carry her away but falls asleep or is late. She is carried away by another man who happened to be on the place ,True,25,0.026997840172786176
1429,k100_10,A faithful servant,"A man gets to know about dangers that threaten his master or his friend of a higher status. He helps his master (friend) to escape the dangers though his own behavior seems strange or hostile. Facing an alternative to be executed or to turn into stone because of revealing the secret, the helper opts for the second. In many cases the master’s child has to be sacrificed to turn the statue back into the man",True,67,0.07235421166306695
1430,k100a_10,Tobias,"A young man lets free a fish or an animal that was caught or he or his father renders a help to somebody. When the young man sets off for a journey, the grateful creature or person in guise of a stranger becomes his companion and protector",True,42,0.04535637149028078
1431,k100b_10,A grateful dead,"A young man helps to bury a man and / or pays the debts of the dead man lets free a fish or an animal that was caught or he or his father renders a help to somebody. When the young man sets off for a journey, the grateful creature or person in guise of a stranger becomes his companion and protector",True,26,0.028077753779697623
1432,k100c_10,Snake inside,Person (usually a young woman) does not know that a snake lives inside her or him and makes her or him ill or dangerous for other people. {Motif K100C is pretty similar to F9f1 but F9f1 links to a cluster of etiological/cosmological motifs related to the idea of a dangerous woman while K100c is related to adventures},True,23,0.024838012958963283
1433,k100d_10,Helpful animal becomes a prince,"Helpful animal (horse, lion, etc.) asks the hero to kill him and becomes a prince who was this way disenchanted",True,12,0.012958963282937365
1434,k100e_10,Aggressive stories,Stories become harmful because they think that a certain person does not treat them in a correct way,True,9,0.009719222462203024
1435,k101_10,Night dances of girls,"Every morning girl' or (rare) boy’s clothes are in disorder, the boy looks very tied. People spy on her (or on him) and discover that she or he spends nights in the non-human world",True,41,0.04427645788336933
1436,k102_10,Demonic paramour of mother or sister,A woman who initially is a friend of the hero (his sister or mother) tries to kill him when she becomes allied to a demon whom the hero overcame or (rare) a man who tries to get rid of the hero,True,97,0.10475161987041037
1437,k102a_10,Father was right,"A man tells his son to kill his sister, mother, or wife. The young man does not fulfill the order but later regrets about it",True,10,0.01079913606911447
1438,k102b_10,To ride for the last time,A boy or a girl asks permission to ride for the last time his or her favorite animal; then he or she rides away saving his or her life,True,16,0.017278617710583154
1439,k103_10,Helpful cow,"Cow (ox, bull) helps an orphan child or a young woman who got into trouble ",True,93,0.10043196544276457
1440,k103a_10,k103a_10,,False,19,0.020518358531317494
1441,k104_10,A red swan,"The youngest of several brothers remains at home, wounds a red swan or duck, goes away following the bird's trace",True,5,0.005399568034557235
1442,k105_10,Wonderful son and rat-children,"A despised wife gives birth to wonderful human children, other wives give birth to animals",True,5,0.005399568034557235
1443,k106_10,Thrown to cows,"To get rid of a baby child or of the magic cock, they throw him into enclosure for animals, but cows or other animals do not trample the child or cock down",True,47,0.05075593952483801
1444,k107_10,Lost husband found,A woman is abandoned by her magic husband. She finds him and becomes his wife again,True,98,0.10583153347732181
1445,k107a_10,Iron shoes to be worn out,Wandering to the purpose of her or his travel person has to worn out her or his iron shoes or staff,True,31,0.03347732181425486
1446,k107b_10,k107b_10,,False,10,0.01079913606911447
1447,k108_10,A revived wife betrays her husband,"Wife dies, husband revives her, she abandons him for another man and is punished",True,45,0.04859611231101512
1448,k109_10,A puppy turns into wife,A man is advised to ask for his service rendered to a powerful being a puppy or a small object (a beaker). The puppy or object turns into beautiful girl who is a daughter of a deity. Other person makes attempts to take the woman away,True,7,0.00755939524838013
1449,k110_10,Reflection of golden sword,Person must get a treasure from the bottom of water body. He understands that what he sees is a reflection in water while the treasure is high in a tree,True,15,0.016198704103671708
1450,k111_10,"Animal suitors rejected, a man from the sky accepted","Mother of a girl rejects in succession birds (and animals) who come to ask her daughter in marriage, but accepts a man from the sky (the Sun) as her son-in-law",True,7,0.00755939524838013
1451,k112_10,Farm-hand revenges on the Sun,"A poor man condemns the Sun and other supernatural personages responsible for weather, wild animals, etc. that because of them he lost his property. He finds them and punishes them",True,11,0.011879049676025918
1452,k113_10,Frog-princess,"Several young men (usually three brothers) find wives (usually shooting arrows or throwing objects on the off-chance). The wife of the youngest initially is ugly or non-human (a frog, a snake) but proves to be beautiful enchantress. She and her husband triumph",True,31,0.03347732181425486
1453,k113a_10,To take wife where arrow falls,A young man shoots an arrow or throws an object on the off-chance to take bride where the object falls,True,16,0.017278617710583154
1454,k114_10,Brothers leave home after their sister is born,"Several brothers leave home immediately after their mother gives birth to a girl. Usually they do not want to have another brother and hope that this time a girl will be born but chance or by evil intent a signal is given that not a girl but a boy is born again. The brothers are disappointed and leave, the girl grows up and travels in search of them",True,26,0.028077753779697623
1455,k115_10,A web at the entrance,"A man escapes from his (her, theirs) pursuers and hides in a cave. A spider spins its web over the hiding place. When the pursuers see the spider web they think the cave is unoccupied and do not enter it",True,38,0.04103671706263499
1456,k116_10,Woman who never laughs (a wife),A woman never laughs. To make her laugh a man commits something that ruins him,True,10,0.01079913606911447
1457,k116a_10,k116a_10,,False,10,0.01079913606911447
1458,k117_10,Woman who never laughs (a bride),A man promises a reward to another man who would be able to make laugh or talk his daughter or mother,True,57,0.061555075593952485
1459,k118_10,The prohibited room,Master of the house allows person to enter all rooms besides one. The person breaks prohibition and the master gets to know about it,True,76,0.08207343412526998
1460,k119_10,Puss in boots,"An animal intends to help a poor man to become rich, gets for him a bride, makes other people believe that the groom is rich. The man becomes prosperous indeed",True,86,0.09287257019438445
1461,k119a_10,Ungrateful master,"An animal makes a poor man rich, gets for him a bride. Then the man becomes prosperous, he rejects his helper",True,54,0.058315334773218146
1462,k120_10,The averted incest,"A man is going to marry his daughter or sister (often puts certain condition on his future marriage, only his daughter or sister complies with them). The girl gets to escape",True,73,0.07883369330453564
1463,k120a_10,Three dresses,"In order to delay a wedding with an undesirable suitor (her own brother or father, a monster), a girl asks him to give her a dress (often three dresses in succession) of unusual material (like gold, of fly wings, etc.). He does it but the girl runs away",True,18,0.019438444924406047
1464,k120b_10,k120b_10,,False,14,0.01511879049676026
1465,k121_10,Wanderer at a crossroad,It is written at a crossroad that following one of the paths person will safely return and following another it will not return (there is often a third path following which person either returns or not). Hero follows the dangerous path,True,30,0.032397408207343416
1466,k122_10,Queen of other world comes to identify hero,"Hero gets to the powerful woman who lives in another world, then returns to the world of humans. Imposter claims hero's deeds for himself. The powerful woman comes and finds the real hero, usually punishes the imposter",True,19,0.020518358531317494
1467,k123_10,Old woman’s curse,A youth or (rare) girl offends an elder woman (often breaks her pot). She makes him or her to be overcome by desire to undertake something dangerous (usually to get a particular marriage partner),True,30,0.032397408207343416
1468,k124_10,There was a greater wonder!,An animal killed by a hunter revives. The animal itself or somebody else tells the hunter that there was a greater wonder with such and such a person. The story follows,True,8,0.008639308855291577
1469,k125_10,House utensil betrays its master,"An enemy asks house utensils or personal objects where their master hid himself or herself or what direction he or she ran away. One of the objects, not treated by the master in a proper way, betrays him or her",True,25,0.026997840172786176
1470,k126_10,Wolf pays for the eaten up horse,A wolf eats up hero's horse but gives him a fare compensation (usually provides a wife),True,16,0.017278617710583154
1471,k127_10,Brothers transform into swans,"A girl has many (more than three) brothers, they turn into birds or ungulate animals (rare: they are killed by magic), ultimately become human again",True,52,0.056155507559395246
1472,k127a_10,Temporarily mute heroine,"A girl or young woman is bewitched to be mute or must keep silence for a period of time. Just when she has to be put to death, the period of her muteness is over and she is saved",True,9,0.009719222462203024
1473,k128_10,Grazing animals to be preserved by a herdsman ,"A man had to graze animals or birds. If at least one is lost, the master would kill (not reward) him",True,21,0.02267818574514039
1474,k129_10,The disenchanted beauty,"Because of the female antagonist, a girl faints and is taken for dead but her body is not decomposed. A valuable marriage partner breaks the charms, she revives",True,60,0.06479481641468683
1475,k130_10,Is me the most beautiful?,A woman asks if she is the most beautiful among female folk and always receives a positive answer. She tries to get rid of her rival when the answer becomes a negative one,True,14,0.01511879049676026
1476,k130a_10,k130a_10,,False,28,0.03023758099352052
1477,k131_11,Men fight over magic objects,"A man on a journey meets tree or two persons who are quarreling over the division of magic objects (a flying carpet, seven mile boots, etc.). The man promises to render a judgment, but he  asks first to try our the objects or suggests the owners to run a race and uses opportunity to escape with the objects",True,70,0.0755939524838013
1478,k131a_10,Hero settles an argument of animals,"Several animals (often a lion, an eagle, an ant) argue because of an animal carcass or a living place. A man settles their argument, they give him capacity to acquire their form (their qualities)",True,12,0.012958963282937365
1479,k132_10,Invincible chicken,Person of a small size (often a chicken) overcomes powerful adversary despite all attempts to destroy him thanks to objects and animals met on the way and preserved in his bag or inside his body,True,55,0.05939524838012959
1480,k132a_10,Husband’s cock and wife’s hen,"Husband (rare: wife) sends his cock to earn money and the cock brings it. Wife (husband) sends her hen (cat, her half of a cock, etc.) and it brings filth",True,13,0.014038876889848811
1481,k133_10,Foam-flecked horse,Every morning a horse is exhausted because animals or demonic creatures ride it at night,True,11,0.011879049676025918
1482,k134_10,The planted treasure,"To accuse a guest of theft, a host plants a treasure into his guest’s bag",True,10,0.01079913606911447
1483,k135_10,Seven with one stroke,A weak and timid man or boy overcomes accidentally powerful enemies and gets high esteem,True,84,0.09071274298056156
1484,k136_10,A lad and his cattle,"A lad becomes a master and a leader of great amount of cattle (cows or buffaloes). A princess finds his hair fallen into a river, the lad and his cattle are called to the king",True,8,0.008639308855291577
1485,k136a_10,Hair picked up from a river,Person finds a hair that was carried by water and decides to marry its owner,True,34,0.0367170626349892
1486,k136b_10,Rubies from a river,Person finds precious stones (usually in a river) and gets to know their source,True,14,0.01511879049676026
1487,k136c_10,Killed and revived periodically,Every time when a demonic person goes away he kills or puts asleep a woman reviving her when he comes back,True,16,0.017278617710583154
1488,k137_10,Sister tricks women to come and revive her brother,"When her brother is killed, a girl puts on his clothes and in a guise of a man wins competitions and gets women who are able to revive the dead. She puts the clothes back on her brother and the women come and revive him taking him for their husband. Or a sister is killed and her brother after winning wives tricks them to revive her",True,6,0.0064794816414686825
1489,k138_10,Exchange of bodies (king and his minister),Person gets an ability to enter a dead body and revive it. His own body remains dead for this time. Another person takes it for himself while the first one remains in an animal’s body,True,5,0.005399568034557235
1490,k139_10,Pheasant gets burnt,"Servant is roasting meat for his master but is so impressed with a girl’s beauty, that the meat gets burnt. The master comes himself and decides to marry the girl",True,6,0.0064794816414686825
1491,k140_10,Ostentatiously ungrateful,"Travelling with his sibling, a youth regularly kills those who help him and save him creating for himself ever more problems",True,5,0.005399568034557235
1492,k141_10,Tamed injurious fairies ,Every one of three supernatural sisters makes harm to people. Hero overcomes them and usually marries them ,True,11,0.011879049676025918
1493,k142_10,Corpse buried many times ,Person kills several people. asks somebody to bury only one and then tells that the dead man has returned. The grave-digger buries several people but believes that it was one and the same corpse,True,45,0.04859611231101512
1494,k143_10,Hero is a bird-catcher,Protagonist of the story is a bird-catcher or a son of a bird-catcher,True,7,0.00755939524838013
1495,k144_10,The predestined death because of an animal,"A certain animal or (rare) man is predicted to become a cause of death of a certain person. When this animal (man) is already dead himself or itself or is faraway, its (his) remains or image becomes the cause of the person’s death",True,11,0.011879049676025918
1496,k145_10,k145_10,,False,8,0.008639308855291577
1497,k146_10,k146_10,,False,6,0.0064794816414686825
1498,k147_10,k147_10,,False,5,0.005399568034557235
1499,k148_10,k148_10,,False,12,0.012958963282937365
1500,k149_10,k149_10,,False,6,0.0064794816414686825
1501,L1b_10,Bear-woman and her sister,"A young woman turns into monstrous bear. She kills most of the people besides her younger sister (Ojibwa: younger sister of her former husband). Their brothers return from a hunt, kill the bear or she dies pursuing them",True,20,0.02159827213822894
1502,L1c_10,Fugitives turn into stars,"A young woman turns into monstrous bear. She kills most of the people besides her younger sister (Ojibwa: younger sister of her former husband). Their brothers return from a hunt, kill the bear or she dies pursuing them",True,12,0.012958963282937365
1503,L1c1_10,An escape to the sky,"To escape from a demonic person, a group of men who are relations of a girl ascend to the sky and remain there",True,13,0.014038876889848811
1504,L1c2_10,Hided under the hearth,"Pursued by a demon, persons hide their younger brother or sister or children in a pit under the hearth",True,7,0.00755939524838013
1505,L1d_10,Woman kills jaguar ,A were-jaguar kills most of the people but is killed itself thanks to a woman who remained alive,True,6,0.0064794816414686825
1506,L1e_10,Person creates monstrous birds,A monstrous bird is created from small amount of the flesh of a human being or animal (usually a heart) or from manioc starch,True,8,0.008639308855291577
1507,L1f_10,Sister avenges her lover,A young woman turns into monster and kills her brothers avenging the death of her husband or lover,True,11,0.011879049676025918
1508,L3_10,Husband turns into demon,A demon takes appearance of a man and comes to his wife or (rare) to other woman. The woman (alone or with her child) runs away and/or kills the monster (herself or with somebody's help),True,55,0.05939524838012959
1509,L3a_10,Asks to be helped,"A woman remains alone and calls for somebody who could help her with her housework. A demon comes, kills the woman or her child",True,5,0.005399568034557235
1510,L4_10,Cannibal husband unmasked,"A cannibal, demon marries girls in succession and kills them or kills in succession his sons-in-law. The last of potential victims survives, usually after finding remains of those who were killed before",True,73,0.07883369330453564
1511,L5c_8,Rolling head pursues people,"A monstrous head pursues luminaries, people or sticks to person's body",True,92,0.09935205183585313
1512,L5d_10,Head is thirsty,Rolling head suffers thirst,True,10,0.01079913606911447
1513,L5e_10,Wife’s headless body pursues her husband,The beheaded woman pursues her husband while her head pursues her children,True,5,0.005399568034557235
1514,L5f_9,Helpful skull,"A bodiless head, face, or skull is a woman's husband, suitor or son. He is not dangerous but a good provider, saves people from hunger, etc.",True,29,0.03131749460043196
1515,L5g_10,Elder sister’s head rolls after her younger sister,Only head remains from a girl. It rolls after her younger sister or sisters or they take it with them. Ultimately the head finds a place to stop,True,5,0.005399568034557235
1516,L5h_10,"Person stuck in an opening, head is torn off","Two sisters or two brothers get into demon's house. One crawls out through a tiny opening, another sticks there. Brother or sister pulls him or her by the head but tears it off",True,5,0.005399568034557235
1517,L6_8,Demon clings to person,"A demonic being demands that a person would carry it permanently, clings to his shoulder or back",True,81,0.08747300215982722
1518,L6a_10,Asks to be carried,Person that looks weak and feeble asks a man to carry him or her on his back and refuses to leave him,True,26,0.028077753779697623
1519,L7_10,Chasing an animal by mistake,"Instead of chasing a person, a bush spirit, a monster or a dangerous animal pursues by mistake an object or animal that moves nearby",True,36,0.038876889848812095
1520,L7a_10,Sticking demon: first to person and then to animal,A demon who sticks to other creatures and refuses to get down sticks first to a person and then to an animal or first to an animal and then to a bird,True,16,0.017278617710583154
1521,L7b_10,Chasing gourd vessel by mistake,"Instead of chasing a person, a bush spirit, a monster or a dangerous animal follows by mistake a gourd vessel that floats downriver ",True,4,0.004319654427645789
1522,L9a_8,Sharp leg,Person's leg is injured intentionally or by chance. The loss of one leg does not bother him. He uses the sharpened bone as a thrust weapon,True,42,0.04535637149028078
1523,L9b_8,Elbow-knives,Person's sharp elbows or (rare) knees are like awls or knives,True,24,0.02591792656587473
1524,L9c_8,Sharp breast,Person has a sharp axe-like protrusion on his breast,True,12,0.012958963282937365
1525,L9d_8,Sharp hands,Person has sharp nails or knife-like hands to kill people,True,9,0.009719222462203024
1526,L10_8,Sharp tail,A monster kills victims with his or her sharp or stinging tail or protrusion on his or her back,True,16,0.017278617710583154
1527,L10a_10,Demon comes to hunter’s camp-fire,"A hunter spends night in a desolate place. A demon comes to his fire. When the demon falls asleep or goes away for a while, the hunter puts his clothes over a log and hides nearby. When the demon attacks the log taking it for the man, the hunter wounds or kills the demon",True,20,0.02159827213822894
1528,L11_8,Turtle-bench,"In a non-human world objects of everyday life have appearance of animals and monsters, mainly fish, amphibians and reptiles",True,61,0.06587473002159827
1529,L12_10,Vultures and incomplete body,Vultures bring to the sky a being who has lost part of its body members or is reduced to the head or skull,True,5,0.005399568034557235
1530,L13_10,Reared up monster,"A small creature is found and reared up by people. When it is grown up, it becomes harmful and dangerous",True,63,0.06803455723542116
1531,L14_8,Reared up serpent,"A worm, reptile or a small water creature is brought home and reared up. When big, it goes out of human control or becomes something huge and/or dangerous",True,68,0.0734341252699784
1532,L15a_8,Vulnerable limb (Achilles’ heel),"The only vulnerable spot of some being's body is his (her, its) limb (knee, toe, finger, etc.)",True,93,0.10043196544276457
1533,L15a1_8,L15a1_8,,False,4,0.004319654427645789
1534,L15b_8,To kill with a reed,Person can be killed only with a particular plant that normally is not used as a weapon,True,10,0.01079913606911447
1535,L15b1_8,Deer horn is a weapon against the evil,During a fight between the good and the evil creators the good one chooses a deer horn for a weapon (because his adversary is afraid of it most of all) ,True,4,0.004319654427645789
1536,L15c_11,Hero lies and remains unharmed,Antagonist asks hero what he is afraid most of all (i.e. what object is mortally dangerous for him). The hero lies and the object used by the antagonist does him no harm at all,True,20,0.02159827213822894
1537,L15d_8,The external soul,"Life of a person or creature is preserved outside of his (her, its) body. Person or creature dies after the corresponding object is destroyed",True,169,0.18250539956803455
1538,L15e_10,Hero’s life in his sword,"Hero's life is in certain object, usually in his weapon. When antagonist steals the object or throws it away, the hero dies but revives after his friends or brothers find the object and bring it back",True,30,0.032397408207343416
1539,L15f_10,Heroine’s life in her necklace,A young woman or (rare) a youth falls dead when her necklace (rare: an organ) is stolen from her and revives again as soon as she gets it back or when the antagonist takes it off,True,10,0.01079913606911447
1540,L15g_10,A burned piece of wood (Meleagros’ death),"Life of a man depends on a wooden object. When a woman burns it down, the man dies",True,3,0.0032397408207343412
1541,L15h_10,The external soul: three or more objects one inside the other,"A small object that contains the life (soul) of a person is inside two or more creatures or other objects (like an egg in a duck, a duck in a hare, etc.) or the zoomorphic soul container tries to escape turning in succession to other animals – three or more enclosures or transformations",True,54,0.058315334773218146
1542,L17_8,Face on breast,There is a headless anthropomorphic being who has eyes and/or mouth on his or her breast,True,12,0.012958963282937365
1543,L17a_8,Eyes on a back of the head,"Person or creature has another pair of eyes (or one eye) on the back of his (her, its) head",True,63,0.06803455723542116
1544,L17b_8,Two faces,"Person or creature has another face (another mouth) on the back of his (her, its) head",True,66,0.07127429805615551
1545,L18_8,Multi-headed bird,A bird with two or more heads on top of one body is described in tales or represented in art,True,69,0.07451403887688984
1546,L19b_8,Multi-headed being,A being with three or more heads is described in tales or represented in art,True,183,0.1976241900647948
1547,L20_10,Eater of the raw meat,Two persons hunt or fish. One of them is or becomes a cannibal. He or she reveals his or her nature eating the quarry raw,True,19,0.020518358531317494
1548,L20a_10,Eater of parrots,"A man climbs a tree, throws down bird nestlings to a woman. She eats them raw and then kills or tries to kill the man",True,11,0.011879049676025918
1549,L21_10,Cannibal’s attention diverted,A cannibal under a tree plans to eat up a man who has climbed the tree. The man throws down and afar his pray or some object and escapes while the cannibal rushes to this object or is eating the pray,True,15,0.016198704103671708
1550,L22_10,The sound sleep,"After breaking some taboo, coming across a strange object or person, people fall asleep. They do not feel when at night spirits come and injure or kill them",True,46,0.04967602591792657
1551,L22a_10,People become blind,"After breaking some taboo, coming across a strange object or person, people fall asleep and awake blind",True,30,0.032397408207343416
1552,L23_8,Proteus,"Person gets hold of another. Trying to free himself, the latter turns into different materials, elements, animals or orders different dangerous creature to attack his opponent",True,23,0.024838012958963283
1553,L23a_8,L23a_8,,False,4,0.004319654427645789
1554,L23b_8,L23b_8,,False,6,0.0064794816414686825
1555,L24_10,Monsters suffocated,Demons (or one of them) attack people and return to their den (usually a cave or tree hollow). People make suffocating fire around the den killing most or all of the demons,True,45,0.04859611231101512
1556,L25_10,Demonic girl sucks brains,"People adopt a demonic child, girl or woman but discover that this being kills people (in particular babies left in its charge) sucking out their brains or taking out their eyes",True,13,0.014038876889848811
1557,L26_10,Death of initiated boys,During the first initiation supernatural beings teach boys the rituals and kill them for breaking rules related to consumption and distribution of food. In response men kill the supernaturals and reproduce their appearance and/or voices during the rituals,True,8,0.008639308855291577
1558,L27_10,Girl eaten up,"Two girls or young women meet a demon. One or both are not aware of danger. One is eaten up, another escapes",True,31,0.03347732181425486
1559,L27a_10,"One is eaten up, another escapes","Two or three children get to the house of a demon or the latter comes to their house. They do not know that the person is a cannibal or are not sure about it. The demon eats up one of the children. Another child (children) escapes, the demon pursues him or them and perishes. Usually the demon is a female, and if he is male, his victims do not arouse in him sexual interest",True,8,0.008639308855291577
1560,L28_10,Snake-eater,Person who have eaten a prohibited meat or fish turns into monstrous snake or fish,True,56,0.06047516198704104
1561,L28a_10,Eating of snake meat triggers flood,A river or lake appear or a flood begins because certain person ate meat of a snake or a strange fish,True,14,0.01511879049676026
1562,L29_10,Fish from a forest pool,"Person catches fish in a place where it ought not live, i.e. in a forest pond or in a tree hollow isolated from other water bodies. After eating he dies, is transformed and/or attacked by monsters",True,12,0.012958963282937365
1563,L30_10,Eating of snake meat triggers thirst,Person who breaks some sort of taboo (usually has eaten a prohibited food) is thirsty and drinks enormous quantity of water,True,14,0.01511879049676026
1564,L31_10,People stick to monster,"People against their will must follow an object, a creature, or a person (usually stick to it) who/which leads or carries them far away, usually into the water or to the sky",True,31,0.03347732181425486
1565,L31a_10,Children carried away to the sky,"An object descends from the sky. Playing children climb on it or stick to it, it carries them away to the sky",True,6,0.0064794816414686825
1566,L31b_10,Reptile carries people into the water,"People find a snake or a turtle on a dry ground. They touch it or sit on it, stick to it, it carries them into the water",True,16,0.017278617710583154
1567,L32_8,Gluttonous stone,"Stone swallows, bites or transforms people",True,15,0.016198704103671708
1568,L33_8,Rolling stone,Stone chases people to crash them,True,36,0.038876889848812095
1569,L33a_11,Rock pursues stealer,Trickster takes off an object (often a blanket) that lies on or near a rock or other seemingly inanimate object and that has been presented to it. The object pursues or otherwise punishes the stealer,True,16,0.017278617710583154
1570,L33b_11,Trickster provokes a rock,"Person suggests to another who looks like being unable to move (rock, stump, fire) a race competition. The competitor becomes to move, burns or crashes the person or runs away with his clothes",True,12,0.012958963282937365
1571,L33c_11,Rock crashes trickster,Trickster and rock agree to race down slope. The rock rolls with ever greater speed and crashes the trickster,True,10,0.01079913606911447
1572,L33d_10,Hero defeats monstrous rock,"Rolling rock kills people, hero destroys it",True,7,0.00755939524838013
1573,L33e_11,Presented blanket,Trickster takes a blanket or decorations which are a property of Rock or other seemingly inanimate object (usually the same trickster presented this blanket to Rock before),True,15,0.016198704103671708
1574,L33f_10,Goatsucker breaks Rock,"Rolling rock pursues person. The person cries for help, and goatsucker breaks Rock to pieces",True,11,0.011879049676025918
1575,L33g_11,Rock with a beard,A rock or tree kills everyone who names it in a certain way. Person provokes others to do it and devours the killed ones. The last of the invited ones deceives the provoker,True,6,0.0064794816414686825
1576,L34_10,Burning hair,"Hero kills or injures his enemy putting fire on his or her straw costume, mask, headgear, hair or object on his or her back",True,37,0.03995680345572354
1577,L35_10,Demon’s hand broken,"At night, a shaman or a bush spirit comes and inserts his hand into the hut to steal food or to make this way love with a sleeping woman. A man who is in the hut cuts the hand off or breaks it",True,10,0.01079913606911447
1578,L36_10,Woman attacks man who climbs a tree,"When a man climbs a tree (escaping from persecutor; to get bird nestlings, honey, fruits, etc.), his wife (rare: her brother) kills, injures him or turns into demonic creature who pursues him",True,18,0.019438444924406047
1579,L37a_10,To get know causes of problems,"On his way to a powerful person (God), a man comes across some persons or animals who ask him to put questions to this person from their part too (usually to ask what is the reason of their troubles)",True,103,0.11123110151187905
1580,L37b_10,Secrets accidentally overheard,Person accidentally overhears secrets of animals or demons and thus gets to know the causes of his and other people's misfortunes,True,125,0.13498920086393087
1581,L37c_10,Bad Luck imprisoned,Misfortune is a particular being who was imprisoned and sticks to a person who has released him,True,28,0.03023758099352052
1582,L38_10,Demon’s trap,"A demon puts a trap to catch people, hero gets into it",True,60,0.06479481641468683
1583,L38a_10,A sticky trap,"Person sticks to an object, usually touching it one by one with his body members. The object is a trap of demonic creature or is a non human creature itself",True,27,0.029157667386609073
1584,L39_10,Person hides in a tree but descends,"Person hides in a tree. Dangerous being gets to see him or her, makes him or her descend and takes to his house or den",True,61,0.06587473002159827
1585,L39a_10,Demon from underworld,A demon comes from the underworld and attacks a man who has climbed a tree,True,9,0.009719222462203024
1586,L40_10,Reflection and shadow,Person discovers (rare: ever fails to discover) another seeing his or her shadow or reflection in water; usually the first person makes the second one to descend to the ground,True,86,0.09287257019438445
1587,L40a_10,Woman takes reflection of a youth for her own,An ugly woman gets to see in water a reflection of a youth who is up in a tree. She takes it for her own reflection and thinks that she has become beautiful,True,6,0.0064794816414686825
1588,L40b_11,Absurd actions to lure person out,Somebody acts in absurd way to lure person out of his or her place. The person does not understand the deception and comes to explain how to act correctly ,True,12,0.012958963282937365
1589,L41_10,Hero escapes on the way,An ogre or ogress catches a person and carries his or her prey home but the person escapes on the way or immediately after reaching the ogre's house,True,119,0.1285097192224622
1590,L41a_10,Stone in basket,Hero escapes from the demon's basket or bag letting stone instead of him,True,39,0.042116630669546434
1591,L41b_10,Pitch basket,An ogress puts her victims into a basket which is filled or smeared with pitch,True,10,0.01079913606911447
1592,L42_10,Hero carried to ogre’s home,An ogre or ogress brings hero home where he or she plans to cook and eat him. The hero escapes,True,180,0.19438444924406048
1593,L42a_10,Ogre steals corpses,An ogre steals fresh corpses from graves and devours them,True,11,0.011879049676025918
1594,L42b_10,Credulous children of ogre,An ogre's child or (rare) wife believes in what hero tells him (or her) and releases him. Usually the hero kills the child and puts its meat to cook in the very pot where the ogre planned to cook the hero,True,43,0.04643628509719223
1595,L42c_10,"Now in, now outdoors","Person hides from the powerful one now in his house, now outdoors, the powerful cannot catch him",True,8,0.008639308855291577
1596,L42d_10,Ogre’s tongue frozen to ice,"Person escapes from an ogre, runs over frozen water body and spills some blood on ice. The ogre rushes to lick the blood, his tongue freezes to ice. Or the ogre slips on ice, falls, is badly hurt, dies",True,6,0.0064794816414686825
1597,L42e_10,Caught again,"An ogre catches a person and carries his or her prey home but the person escapes on the way. The ogre comes back, this time carries the person to his home. Or the ogre catches a group of children, most of them escape on the way, one is brought to the ogre's place",True,34,0.0367170626349892
1598,L42f_10,"Prisoner escapes, wife is killed",Person that has to be eaten up imperceptibly runs away. The master of the house thinks that his wife had eaten the food alone and cuts her belly open,True,5,0.005399568034557235
1599,L42g_10,Hansel and Gretel,A man (persuaded by his wife) abandons his children (usually a son and a daughter of his former wife who had died) in the wilderness. The children (or at least one of them) survive and become successful,True,56,0.06047516198704104
1600,L43_10,Ogre eats filth,"Hero escapes from ogre's trap or hides in a shelter. The ogre or ogress roasts and/or eats insects, snakes, excrements, etc. being sure that he or she eats the man",True,32,0.03455723542116631
1601,L44_10,Show me your head!,A man hides in a shelter. An ogre wants him to demonstrate certain parts of his body. The man demonstrates or parts of the body of an animal or some objects. The ogre believes that his adversary is a powerful creature,True,28,0.03023758099352052
1602,L44a_10,Give me your liver,"A man hides in a shelter. An ogre wants him to give certain parts of his body. The man gives the ogre instead parts of the body of a killed animal. The ogre does not understand the deceit, gives in response parts of his own body and dies",True,15,0.016198704103671708
1603,l44b_10,"The blind got his sight, the lame got his legs","A blind man and a lame man live together and help each other. When they got mortally scared or became to fight, their eyes and legs were cured",True,10,0.01079913606911447
1604,L45_11,Duped watchman,"An ogre or a stronger animal catches a man or a weaker animal or drives him into a small enclosure and goes away for a time leaving a watchman. The hero dupes the watchman, escapes. (Most, though hardly all American cases can have post-Columbian African origin)",True,25,0.026997840172786176
1605,L46_10,Head downward,"Person ascends, descends, walks head downward or sees the world upside down",True,55,0.05939524838012959
1606,L47_10,Enemy moves backward and dies,Hero's enemy ascends a tree or rock head downward or walks backward letting the hero better possibility to kill him or to escape,True,20,0.02159827213822894
1607,L48_10,Demons devour their comrades,"A man kills (usually in a tree, on a rock, at the edge of a well, of a precipice) and/or throws down one of his enemies. The other enemies do not recognize their comrade and think that their prey is falling down",True,40,0.04319654427645788
1608,L49_10,Body parts falling down,"Body parts of a person or pieces pf his flesh are thrown down successively. Usually, thows who are on the ground take them for game, honey, fish",True,13,0.014038876889848811
1609,L50_10,Cliff ogre,"An ogre or robber waits for passers-by near a narrow path, distracts their attention and kicks them, usually pushing down into a precipice, lake, etc.",True,27,0.029157667386609073
1610,L51_10,Victims thrown to water creatures,"A cannibal, a bush spirit or a dangerous animal throws his victims into the precipice where water creatures devour them",True,7,0.00755939524838013
1611,L52_10,Hero escapes from top of a tree,"Hero hides in a tree from an ogre. Before the ogre gets to fell the tree, the hero flies away or a bird helps him to escape",True,38,0.04103671706263499
1612,L53_10,Stones into the maw,"A monstrous animal is killed or neutralized by stones (or pieces of metal, heavy fruits, etc.) thrown into its maw or anus. The stones are usually burning hot",True,118,0.12742980561555076
1613,L54_10,Lake coming to boil,"To overcome a disaster, hot stones or ashes are thrown into the water",True,14,0.01511879049676026
1614,L55_10,Monster killed with hot liquid,"To kill a dangerous animal or monster, acrid or hot liquid (boiling water, resin, soup, etc.) is poured into one of his body orifices",True,24,0.02591792656587473
1615,L56_10,Fire in monster’s belly,A monster or a big animal dies when fire is kindled in its belly,True,48,0.05183585313174946
1616,L57_10,Person gets his body part back,"Person loses his organ or body part, it is carried away. He finds its new owner, gets his property back",True,34,0.0367170626349892
1617,L57a_10,Hero’s companion gets his body part back,"When the hero loses his organ or body part, his companion who is weaker and often irresponsible gets it back. The hero is revived or becomes strong again",True,35,0.03779697624190065
1618,L57b_10,Demon comes to get his body part back,"Person cuts off and uses part of the body of demonic creature. The demon comes after it, kills or maims the person",True,13,0.014038876889848811
1619,L58_10,Avaricious man,"A man does not share food with his wife or kinsfolk. He or his food is transformed (turns into a bird, into worms, etc.) in punishment",True,27,0.029157667386609073
1620,L59_10,Avaricious woman: metamorphosis,"Man's wife, sister or mother eats all the nest food alone, she is transformed in punishment",True,17,0.0183585313174946
1621,L59a_7,Stuck to a whale,People who treated badly the hero or his son are pulled into the sea and turn into sea animal or into parts of its body or into parasites on its hide,True,8,0.008639308855291577
1622,L60_10,Picked up baby-demon,Two or more sisters pick up a baby boy. In their absence he turns into adult man but when they come back they find him again in guise of a baby lying in its cradle,True,5,0.005399568034557235
1623,L61_10,Endocannibal,Person devours his or her own flesh or disembowels himself or herself,True,55,0.05939524838012959
1624,L62_10,Stone man,Stone man kills people but ultimately is killed himself,True,11,0.011879049676025918
1625,L63_10,Person eats with vagina or anus,Person eats food with her toothed vagina or her or his toothed anus,True,15,0.016198704103671708
1626,L64_8,Removable head,"Person removes part of his or her body (head, scalp, lungs) and then puts it back",True,31,0.03347732181425486
1627,L65_10,Demonic baby,"A baby or small child proves to be a demon, devours or injures people",True,65,0.07019438444924406
1628,L65a_10,The cannibal sister,"A girl born to the family or found proves to be a monster, devours people. Her brother escapes, (usually marries and returns home, finds that everybody had been eaten up), runs away, she pursues him but cannot get",True,53,0.05723542116630669
1629,L65b_10,Dogs save their master,A demonic woman or (rare) her paramour or a monster is going to kill a man usually after driving him up a tree. At the last moment the man's dogs or other animals or birds who are the man's pets come and kill the demon,True,117,0.1263498920086393
1630,L65c_10,Cannibal elder sister,The eldest of three or more sisters becomes a cannibal and devours her sisters and other people,True,5,0.005399568034557235
1631,L65d_10,Younger sister of cannibal woman,"When the elder sister becomes a cannibal, the younger one (temporarily) escapes. Cf. motifs L1B, L65C ",True,26,0.028077753779697623
1632,L66_10,Tunnel under the monster,"A small animal digs an underground hole to the place where the monstrous stag, elk, antelope, or buffalo lies. Hero climbs along the tunnel and kills the monster",True,25,0.026997840172786176
1633,L67_10,Monster’s hair gnawed off,"After digging a tunnel under a lying monstrous animal, a small animal (usually a mouse) bites off the monster's hair at a certain place. Hero kills the monster thrusting his spear or arrow through the hairless place into the monster's heart",True,19,0.020518358531317494
1634,L68_10,Two companions in the night,Person turns into monster at night when he remains alone with his companion in the wilderness,True,51,0.0550755939524838
1635,L69_10,Puma rescues man from a monster,A man is attacked by a monster but puma or jaguar fights with the monster and rescues the man,True,11,0.011879049676025918
1636,L70_11,Fruit falls and kills,"Person or animal is killed or injured with a heavy object dropped from a tree (or rock, etc.). The person or the animal knows that the objects will fall but has falls ideas about its character and weight",True,115,0.12419006479481641
1637,L71_10,Tip of a branch,"Person has killed an animal. A trickster attempts to appropriate all the meat. The person gets to carry the meat to the top of a tree and helps the trickster (or trickster's child) to get there too to share their meal. After eating, the trickster wishes to defecate or (rare) to drink. The person points to the tip of a thin branch as a right place for doing it. The trickster climbs there, falls and dies",True,12,0.012958963282937365
1638,L72_10,The obstacle flight,"Running away from a dangerous being, person throws objects that turn into mighty obstacles on the way of the pursuer",True,228,0.24622030237580994
1639,L72a_10,Comb becomes a thicket,"Running away from a dangerous being, person throws objects that turn into mighty obstacles on the way of the pursuer. One of the thrown objects is a comb which usually turns into a thicket",True,92,0.09935205183585313
1640,L72b_10,Whetstone becomes a mountain,"Running away from a dangerous being, person throws objects that turn into mighty obstacles on the way of the pursuer. One of the thrown objects is a whetstone which turns into a mountain",True,48,0.05183585313174946
1641,L72c_10,L72c_10,,False,22,0.023758099352051837
1642,L73_10,Ogre persuaded to drink a river dry bursts,A pursuer is advised to drink a river or sea. He or she tries to do it and bursts,True,44,0.047516198704103674
1643,L74_10,The returned hand,"A bear or other dangerous being tears off and carries away a hand of a person and holds it at his sleeping place. Another person steals the hand, gives it back to the owner",True,13,0.014038876889848811
1644,L74a_10,Hung over fire,An antagonist carries away the hero or rips off and carries away his limb and hangs the prisoner or the limb (usually over the fire). The hero is suffering from pain. Another personage saves the hero or brings his limb back,True,12,0.012958963282937365
1645,L75_10,Flint kills his mother,"One of twin brothers is evil. Being still in the womb, he does not want to be born in a normal way and bursts through his mother’s side killing her",True,11,0.011879049676025918
1646,L76_10,Ogress devours testicles,An ogress attacks her male victim devouring or pulling off his testicles,True,4,0.004319654427645789
1647,L77_10,Girl seen as a fruit eaten up,Person sees or smells people as delicious objects and devours them,True,7,0.00755939524838013
1648,L78_10,Toad-jaguar,Mixed traits of toad and jaguar in iconography; a toad or frog transforms into a jaguar; a toad or frog is a jaguar's mother or wife,True,21,0.02267818574514039
1649,L79_10,"Two co-wives, human and monstrous",A girl marries a powerful benevolent man. His first wife is a monster. The man kills her or is glad that she is killed by his human wife,True,14,0.01511879049676026
1650,L80_10,A drop of blood,A demonic person or animal is killed but revives or can revive if a small piece of its flesh or blood goes out of control,True,12,0.012958963282937365
1651,L81_10,Demon’s fire,Person sets off in search of fire and finds it in the house of a demon. The demon makes harm to the person,True,97,0.10475161987041037
1652,L81a_10,Cat brings a misfortune,"Because a girl or young woman offends a cat (rare: a dog), it plays a trick that brings the girl a misfortune (usually extinguishes the fire and in search of it the girl gets to a demon)",True,15,0.016198704103671708
1653,L81b_10,Hero’s cut off legs,"Hero’s companions put a sword (sabre etc.) in front of his tent or room. When the hero runs out in a hurry, he is woonded by the blade (usually his legs are cut off).",True,15,0.016198704103671708
1654,L82_10,The burned off foot,"Intentionally or not, a man burns his foot or his whole body in a fire, then turns into demon",True,11,0.011879049676025918
1655,L83_8,Incomplete body turns into thunder,A rolling head or a man who has burned off his foot turns into or produces thunder or lightning,True,8,0.008639308855291577
1656,L84_10,Unfit axes,"Bush spirits and the like try to cut down a tree. The attempt fails because their axes are good for nothing being made of turtle shells, clay, etc.",True,12,0.012958963282937365
1657,L85_8,One-sided people,"One-sided people have one leg, one half of a head, etc. The second leg is not cut or burned off, preserved as a stump but is absent completely",True,165,0.17818574514038876
1658,L85a_10,One-sided child,Person is born as half of a child or loses his or her half in an accident. The person does not belong to any category of supernatural beings and usually turns into normal girl or young man,True,35,0.03779697624190065
1659,L85b_10,Woman gives birth to disfigured child,"A woman gives birth to disfigured child because she offended a powerful supernatural being (Rain, Sun, etc.). Her child is provided with magic power and eventually obtains normal body",True,7,0.00755939524838013
1660,L85b1_10,"After coming to the sky, gets normal body",A man with incomplete or  grotesque body becomes normal after coming to the sky (getting back to the earth),True,16,0.017278617710583154
1661,L85c_8,Half-chicken,Person with half of a body is a chicken (sometimes only by name),True,12,0.012958963282937365
1662,L85d_10,One leg and one arm: the injured ploughman,"Hero comes across a giant (usually a ploughman) with one leg, one arm, one eye. The latter was injured when he met another giant who was much bigger and stronger than he",True,6,0.0064794816414686825
1663,L86_10,Woman pursues her children,A woman turns into demon and pursues her children,True,25,0.026997840172786176
1664,L87_10,Taste of blood,"Unintentionally, person gets to taste his or her own blood or flesh, likes the taste, turns into a cannibal",True,16,0.017278617710583154
1665,L88_10,Ogre returns to life,"A man kills an ogre. When he later comes and touches the ogre's remains, the latter revives",True,9,0.009719222462203024
1666,L89_10,One secretly feeds another,"Person transforms humans into monsters or animals secretly putting prohibited meat, grease or eggs into their food or provoking them to use a particular object",True,15,0.016198704103671708
1667,L90_8,Mouth from the earth to the sky,"Monster's upper lip (fang, horn, etc.) touches the sky, lower touches the ground",True,43,0.04643628509719223
1668,L91_10,Long serpent,"Two or four boys go to war or are on their way home. A long serpent-like creature blocks the passage, they cannot find a path around it and burn it through. One eats its roasted meat and turns into serpent himself or dies",True,7,0.00755939524838013
1669,L92_10,Animal shams being helpful,"Person escapes to a tree or high rock. An ogre tries to cut it down. An animal suggests the ogre to have a rest, promises to work instead of him but spoils his work",True,22,0.023758099352051837
1670,L93_10,Axe thrown into the water,"Person escapes to a tree or a high rock. An ogre tries to cut it down. While the ogre has a rest, an animal throws his axe into the water or carries it away",True,15,0.016198704103671708
1671,L93a_9,Helpful fox,"Cunning fox, jackal or coyote saves particular person or many people, helps them",True,113,0.12203023758099352
1672,L93b_9,Helpful rabbit,"Cunning rabbit or hare saves person, helps him or her",True,22,0.023758099352051837
1673,L94_10,Child promised to demon,"A demon helps a man or a woman or lets him or her free. As a reward, the person is forced to promise to give the demon his child",True,110,0.11879049676025918
1674,L94a_10,Caught by a beard,Water or chthonic demon suddenly appears before a person (often catches a man who bent down to drink from a well by his beard). The person is forced to fulfill demon's wish,True,34,0.0367170626349892
1675,L95_10,Coming back to pick up toys,Person (usually a kid or lad) returns to the former place to pick up the forgotten object (often a toy) and is caught there by a demonic being,True,20,0.02159827213822894
1676,L95a_8,Floating lungs,"A lung or a liver lies on a road or floats in a pond etc. As soon as person touches them, a dangerous demon appears in front of him",True,8,0.008639308855291577
1677,L96_10,Sold in animal’s guise and comes back,"Person can transform himself or herself into an animal or an object. Being sold in this guise, he or she achieves his or her aims and becomes a human again",True,58,0.06263498920086392
1678,L96a_10,"Oh, dear!","When person sighs or utters an interjection, another one (usually a demon) emerges because his name is spelled like Ahh, Ohhoi, etc.",True,21,0.02267818574514039
1679,L97_10,Rooted to ground,"A human being cannot move because the lower part of his body is rooted into the ground, stuck to it, or is absent at all",True,10,0.01079913606911447
1680,L98_8,Cannibal owl,"Dangerous cannibal or bush spirit who abducts children, attacks people, etc. is associated with an owl",True,54,0.058315334773218146
1681,L99_10,Bring me a spit to roast you!,"An ogre sends a man to bring a spit and/or firewood to cook him. The man intentionally does it slowly, brings unfit objects or a an animal helps him to escape",True,14,0.01511879049676026
1682,L100_10,Transformation flight,"A youth and a girl who run away from pursuer transform themselves into a pair of persons, creatures or objects (pond and duck, church and priest, etc.) in order to escape detection by the pursuer",True,45,0.04859611231101512
1683,L100a_11,A pursuer throws ahead the transformed fugitive,"A fugitive turns into small object (stick, stone) or hides himself inside it. A pursuer picks it up and throws ahead in anger, thus unwillingly helping the fugitive to escape",True,13,0.014038876889848811
1684,L100b_10,Forgotten fiancée,"A youth and his bride get to escape from the pursuer. The youth goes to visit his home, leaves his bride behind for a time but forgets her (usually after breaking taboo to kiss or embrace his relations). When the youth is about to marry another woman, the forgotten fiancée reawakens his memory by performing magic actions",True,35,0.03779697624190065
1685,L100c_10,Faithful wife mocks men who come to buy her love,"A woman pretends to be a prostitute. When a man comes to her she uses magic and the man spends all the night in her room being unable to move from the place. Episode is repeated with other or (rare) the same suitor. Usually the first suitor is ashamed, tells the other ones that everything was nice, and they are humiliated the same way",True,13,0.014038876889848811
1686,L100d_10,The entrapped suitors,"A pretty, faithful wife is courted by one or several men, one of them usually a clergyman. With her husband’s consent, she invites the suitor(s) to a private rendezvous. Before the first man’s wishes are gratified, the next one arrives and then the husband himself. The suitor or suitors are caught in an uncomfortable position and then killed, punished in some other manner, ridiculed, made to pay ransom, to work, etc.",True,78,0.08423326133909287
1687,L101_10,Pieces of clothes thrown to pursuer,"Pursued by demonic creature (usually a whale or walrus), people throw behind piece by piece children’s or woman’s clothes. These attract the pursuer’s attention, he loses time, the runaways escape",True,18,0.019438444924406047
1688,L102_10,Escape from animal husband,"Seriously of for fun, a girl or a woman names an animal or remains of an animal as her husband or steps on the animal’s bones. The animal (revives and) carries her away. Her human husband or brother comes after her and they run away. Usually the animal husband pursues them but abandons the chase or dies",True,13,0.014038876889848811
1689,L103_10,Obstacle flight (Atalanta type),"Treasure, or the like, is thrown back to tempt pursuer to delay",True,93,0.10043196544276457
1690,L104_10,Fugitive and pursuer change guises,"A fugitive turns in succession into different animals or objects. A pursuer does the same, every time becoming an animal or a person who is dangerous for the fugitive in his given guise",True,107,0.11555075593952484
1691,L105_10,Invisible missile,"Animal, fish or person wounded by hero runs or swims away, usually with the man's projectile in his or her body. Local doctors are not able to cure the wound (usually because they do not see the projectile). The hero or his companion comes to the place where the wounded one lives and cures him or her (usually extracting his projectile from the wound)",True,41,0.04427645788336933
1692,L106_10,Lost object claimed back,"An antagonist makes a demand to the hero which is correct in form but really is unjustified. The hero fulfills the claims or is punished. Now antagonist takes an object or animal possessed by the hero, is unable to give it back and is punished",True,52,0.056155507559395246
1693,L106a_11,Stomach cut open,"An antagonist makes a demand to the hero which is correct in form but really is unjustified. The hero fulfills the claims or is punished. Now antagonist takes an object or animal possessed by the hero, is unable to give it back and is punished",True,21,0.02267818574514039
1694,L106b_10,In search of lost object to the other world,"In search of a lost object, usually carried away by water or wind, a girl or (rare) a boy comes to a powerful person, gets the object back and/or is rewarded. The object is related to the everyday life, it has no ritual significance and is not a weapon",True,62,0.06695464362850972
1695,L107_8,The ear-sleepers,"Anthropomorphic beings have huge ears (use them for blankets, umbrellas, etc.)",True,34,0.0367170626349892
1696,L108_10,To wash a black one,Person is or becomes black and has to sit in the water till becomes white. An antagonist carries him or her away,True,127,0.13714902807775378
1697,L108a_10,Goat kills the antagonist,"A predator or ogre swallows people or animals. Goat opens the ogre’s belly open, usually the swallowed ones come out alive",True,40,0.04319654427645788
1698,L108b_11,The thin voice,"To make himself unrecognizable by the victim, a predator or ogre modifies his throat or tongue mechanically (oils or burns it, asks blacksmith to remake it, etc.)",True,49,0.052915766738660906
1699,L108c_10,The white hand,"To make himself unrecognizable by the victim, a predator or ogre demonstrates clothes, limb, etc. that look like clothes or limb of his victim's mother, etc.",True,21,0.02267818574514039
1700,L108e_10,Children of fox,"Fox has a child or children (usually adopts a lamb, foal, etc.), cares for it. Wolf finds and eats it, the fox revenges on him",True,11,0.011879049676025918
1701,L108f_10,Lured from river-bottom,"A person (a girl, a small boy) gets into the water and remains there. Antagonist lures him out imitating his father's or sibling's voice",True,4,0.004319654427645789
1702,L108g_10,L108g_10,,False,3,0.0032397408207343412
1703,L109_10,The cannibal gourd,A gourd proves to be a cannibal or grows from remains of a monster,True,18,0.019438444924406047
1704,L110_10,The devourer,"A demonic being swallows a multitude of people and animals. When it is killed and cut open, the swallowed ones come out alive or are revived",True,116,0.12526997840172785
1705,L110a_10,The injured ear,"A demonic being swallows a person or (in African versions) a multitude of people and animals. Hero kills the monster but cutting open its body, injures a person who was inside. Usually this person is offended and finds opportunity to kill the hero",True,5,0.005399568034557235
1706,L111_10,Hook from the sky,The sky dwellers fish human beings who live on earth with a line and a hook,True,15,0.016198704103671708
1707,L112_10,Complete body obtained,"A boy with defective body (too small, only half of a body, only a head) ultimately obtains normal body",True,20,0.02159827213822894
1708,L113_10,The ogre bridegroom,"A girl refuses all suitors, at last marries a handsome man and walks with him to his place. Her husband proves to be a cannibal demon",True,42,0.04535637149028078
1709,L114_10,The youngest one saves siblings from demon,A group of young people comes to a demon. The youngest brother of sister or a sick and invalid person who often accompanies the others against their wish saves them all,True,54,0.058315334773218146
1710,L114a_10,A child who stays awake,A member (usually the youngest) of a group of boys or girls gets with them to a cannibal. The cannibal plans to kill people when they fall asleep. The youngest boy or girl every time answers the cannibal why he or she is still awake and forces him or her to be engaged into different activities instead of killing the sleeping people. Brothers (sisters) run away and return home,True,29,0.03131749460043196
1711,L114b_10,To bring ogre’s property,"Getting a task or by his own initiative, person several times comes o the ogre and steals in succession objects he needs",True,54,0.058315334773218146
1712,L114b1_1,A task: to bring the ogre,Person bring objects from ogre’s house and after this catches or kill the ogre himself,True,30,0.032397408207343416
1713,L115_10,Perfect gentleman,A girl who rejected suitors finds at last a really handsome man. He escorts her to his place and distributes on the way all his clothes and body parts that he loaned before. Only his skull (head) remains,True,15,0.016198704103671708
1714,L116_10,Singing girl in a bag,"A cannibal (old man, Gipsy, etc.) carries away a girl. He walks from village to village forcing her sing or dance. People recognize her (or her voice) and release her",True,19,0.020518358531317494
1715,L116a_10,Doe with golden horns,"Hunting a doe (a deer), hero gets to a demon’s place; the does is a bewitched person or demon",True,13,0.014038876889848811
1716,L117_10,Unwanted companion,"When a man goes to marry, an evil spirit joins him, helps him in the village of his bride, etc. but then claims at least half of the bride for himself. (In Gola story a man gets a wife for a spirit and claims a half of her)",True,11,0.011879049676025918
1717,L118_11,Caught in a split log,"(Animal) person provokes another to put his hand or paw into a split log, between two planks, etc. When a wedge is removed, two pieces of wood spring back together and the person or animal gets caught",True,74,0.07991360691144708
1718,L119_10,Battle in the air,Hero and antagonist fight in the air tearing off each other limbs. Usually their allies on earth preserve limbs of their leader and destroy limbs of the adversary,True,4,0.004319654427645789
1719,L120_10,Snake-women turn into apple-trees,"Hero listens in conversation of demonic beings who plan to turn into something edible, attractive, etc. and to destroy those who touch them. The hero neutralize the demons beforehand",True,24,0.02591792656587473
1720,L121_10,A hunter’s secret,"An animal or ogress turns into woman and marries a hunter to destroy him. Accompanying him to the wilderness, she acquires her real guise, the hunter has narrow escape. Usually the wife asks him what are his usual transformations in case of а danger. The hunter's father or mother stops him before he tells his wife about his last transformation",True,13,0.014038876889848811
1721,L122_8,Riding a cock,(Demonic) person is riding a cock,True,11,0.011879049676025918
1722,L123_11,Running in many directions,"To confuse pursuer, person many times runs away in different directions and comes back",True,5,0.005399568034557235
1723,L124_10,Sinew of a killed enemy cuts a tree,"After killing his adversary, person pulls out his sinew (spinal cord, intestine, ribbon of skin) and puts it around a tree trunk. The trunk is cut through. Fortunately for him, the person has not put it around his own waist",True,5,0.005399568034557235
1724,L125_10,Demonic wife recognized,A man marries a beauty but catches her in a situation when her not human nature is revealed. After this their marriage breaks down,True,34,0.0367170626349892
1725,L126_10,Demonic small bird,"A small bird makes a powerful anthropomorphic person lose his temper. The bird cannot be annihilated, cries from inside person's stomach, the person suffers or dies",True,13,0.014038876889848811
1726,m1a_10,Caiman ferries the Pleiades-brothers,Caiman ferries a person or a group of brothers who later turn the Pleiades,True,5,0.005399568034557235
1727,m1b_10,Caiman ferries a monkey,"Caiman ferries a monkey across a river. Reaching the opposite bank, the monkey escapes before the caiman gets to catch it",True,5,0.005399568034557235
1728,m2_10,Riding down a tree,A man descends from top of a tree or rock down a chain of animals or on the back of an animal who climbs or runs down the trunk,True,10,0.01079913606911447
1729,m3_10,Chain of animals,"Person crosses a water or air space along the chain of many animals, birds or fish",True,44,0.047516198704103674
1730,m3a_11,Counting water animals,"Animal who does not swim well suggests animals who live in water to count their number. For this, they should make a chain and he would run along it. It is but a trick to cross a body of water",True,27,0.029157667386609073
1731,m4_10,A wrong step,"Crossing a body of water or descending a tree, person steps on an certain part of a body of an animal or on a certain animal that have made a chain (usually despite warning that he should not do it) and falls down or drowns as a result",True,14,0.01511879049676026
1732,m5_11,Provoked insult,"Being in a situation when his life depends on a good will of a demon or animal, person either resists or does not resist the temptation to insult or to beat, bite, etc. the latter",True,79,0.08531317494600432
1733,m5a_9,Rat in the water,A rat or other animal which cannot swim well rides a canoe with other creatures who can swim or fly and unlike them gets into trouble when the canoe sinks. Usually a water creature carries the rat to the shore but the latter defecates on its savior or kills it,True,17,0.0183585313174946
1734,m6_10,Night with a partridge,"A young man or girl spends night in the forest. The forest partridge (Tinamus sp.) provides him or her a fire, a shelter and/or a hammock but takes them away and flies away itself when the person does something wrong",True,17,0.0183585313174946
1735,m7_10,Waiting to be picked up,"Getting into the lower or upper world, to an island, a country at the horizon, etc. a man is unable to move further and waits for somebody who could bring him to his destination. Some animals, birds or celestial bodies pass by, the last one (often the Sun or the Moon) picks him up and brings to the place he is eager to go",True,18,0.019438444924406047
1736,m7a_10,Left in water,A bird or an animal takes hero into its boat but acquires its animal guise and leaves him alone in water when he breaks a taboo,True,3,0.0032397408207343412
1737,m8_10,Breaking the obstacle,Non-human persons work hard to destroy a strong and durable obstacle that blocks access to some place or object,True,105,0.11339092872570194
1738,m8a_10,Birds peck a rock to release prisoners,"Birds and sometimes also animals work hard to break from the outside or from the inside a rock, a tree truck, bonds, etc. to release some beings or themselves from confinement in a small enclosure or trap",True,57,0.061555075593952485
1739,m8b_3,Birds break an obstacle to get water,Birds or (rare) animals work hard to break a rock or a cane and get water or honey concealed inside,True,7,0.00755939524838013
1740,m8c_10,The stuck up eyes,"Birds peck through a layer of clay, wax, pitch etc. with which person’s eyes or anus are stuck up ",True,8,0.008639308855291577
1741,m8d_10,Birds break body covering,Birds work hard to peck through the substance that covers some beings' body or to reach its entrails,True,10,0.01079913606911447
1742,m9_10,Stuck in a tree hollow,Person who puts her or his head or hand into a tree hollow or (rare) other hole is stuck fast or falls into the hollow and dies or undergoes a metamorphosis,True,29,0.03131749460043196
1743,m9a_10,Transformed into tree-frog,Person who sucks honey greedily from a tree hollow and/or is stuck in it turns into tree-frog,True,12,0.012958963282937365
1744,m10_10,A girl and a honey,"A girl or a woman who was stuck in a tree-hollow when she tried to extract honey or who was greedily sucking honey otherwise, dies or turns into the honey or into the bee",True,18,0.019438444924406047
1745,m11a_10,Fish extracted from body,Person serves people fish extracted from her or his own body,True,8,0.008639308855291577
1746,m11b_10,Meat extracted from body,A woman serves a man a good meat cut from her own body and does not do it anymore when the man got to know about the source of the meat,True,4,0.004319654427645789
1747,m11c_10,Gets lard from his body,"A male person cuts or roasts his own body to extract meat, lard or blood, cooks it and serves to his guest without injuring himself. Such a food is not considered to be unclean",True,83,0.08963282937365011
1748,m12_10,The unlucky hunter,"Not to return home empty-handed, a hunter or (rare) a fisherman cuts off a piece of flesh from his body (usually from his calf) or (more rare) extracts his blood or entrails. Usually he brings his flesh or blood to other people pretending that is a good game or fish; or a woman cuts off a piece of flesh from her calf to feed her husband",True,42,0.04535637149028078
1749,m13_10,God grants requests to his visitors,Some persons ask the supreme deity (usually coming to him) to fulfill their demands. The deity does it according to the letter and not to the spirit of the demand,True,12,0.012958963282937365
1750,m13a_10,Transformed into stone,God agrees or suggests to fulfill a demand of a man. As a result the latter is transformed into a stone,True,9,0.009719222462203024
1751,m14a_10,Roasted alive,"To revenge on his wife and her kinsfolk, a man roasts her alive",True,11,0.011879049676025918
1752,m15_10,Tied to a tree,A girl or young woman is tied to the top of a tree or impaled on the sharpened top of a tree and abandoned by a man. Somebody (usually her brothers) attempt to save her,True,8,0.008639308855291577
1753,m16_10,Ugly or sick becomes healthy and handsome,"A wife, bride or mother of a sick or ugly boy or man does not care for him. He becomes healthy and handsome, punishes and/or abandons her",True,47,0.05075593952483801
1754,m16a_10,Diving bird’s medicine,A supernatural helper (usually a loon) makes a blind man to regain his eyesight diving with him into water,True,33,0.035637149028077755
1755,m17_10,Woman lies that man missed,"A blind man or lad kills an animal. His wife or (grand)mother lies that he has missed, cooks and eats all the meat alone",True,39,0.042116630669546434
1756,m18_11,Stolen arrows and hooks,"Person transforms himself into an object of hunting or fishing and provokes hunters of fishermen to catch or shoot him. Arrows, darts, a harpoon stick in his body, he carries them away or he bites off and carries away a fishing hook. Or he fishes by way of turning himself into a hook. Another or (rare) the same person tries to repeat the trick but suffers a reverse (usually is fished out)",True,57,0.061555075593952485
1757,m18a_11,Getting arrows,"Person turns into a fish or game and exposes himself as a target. A lot of arrows, darts or harpoons stick in his body making him no harm, he carries them away",True,16,0.017278617710583154
1758,m18b_11,Getting fishing hook or harpoon,Person turns into a fish to steal fishing hook or harpoon or he turns into fishing hook to catch a fish,True,37,0.03995680345572354
1759,m19_11,The bait-person,Person ties another one (usually a child) to a fishing line to use him as a bait or orders the tied one to catch fish with his hands,True,10,0.01079913606911447
1760,m20_11,Trickster’s jaw injured,Person steals bait or fish from fishhooks. His bill or jaw is ripped off or otherwise injured. Usually the trickster gets the ripped off jaw back,True,13,0.014038876889848811
1761,m21_10,A protector hides fugitives,Person is pursued by an enemy. A man or an animal hides him on his own body or nearby,True,138,0.1490280777537797
1762,m21a_10,Under pretext  of a toothache,"Person is pursued by an enemy. A bird or animal hides him or her in its mouth (under a wing) and  pretends not to be able to open the mouth (to raise a wing) because of a tooth ache, some injury and the like",True,14,0.01511879049676026
1763,m22_9,Helpful stock,"A long-necked bird living near water (stork, heron, bittern, swan) saves person from dangerous pursuer",True,43,0.04643628509719223
1764,m22a_9,Stock guardian,"A long-necked bird living near water (stork, heron, swan) is a guard in a strange house or land where hero comes",True,7,0.00755939524838013
1765,m23_11,Mock plea,Рerson or creature pretends to be afraid of a particular sort of treatment that really cannot do him any harm,True,131,0.14146868250539957
1766,m24_11,Turtle’s war party,Turtle goes to war and/or is captured by enemies,True,23,0.024838012958963283
1767,m24A_11,Turtle kills a woman,"Turtle goes to war, kills people (usually a woman), is caught and killed but continues to live in its animal guise",True,11,0.011879049676025918
1768,m25_11,Banquet in the sky,"To take part in a feast or to visit God or celestial object, person ascends to the sky. To return, he either uses a rope but falls before reaching ground or jumps (falls) down from the sky and is badly hurt, dead, and/or transformed",True,42,0.04535637149028078
1769,m26_11,Ducks rise hunter into the air,"Person attempts to hunt ducks or geese catching them by the legs. They rise him into the air, he falls down",True,10,0.01079913606911447
1770,m26a_11,m26a_11,,False,22,0.023758099352051837
1771,m27_10,Coming back from the sky,A tree or a chain of reeds by which people have ascended to the sky is destroyed. On their way back they fall to the ground. Some of them remain in the sky for ever or longer than others,True,12,0.012958963282937365
1772,m28_11,Icarus (failed attempt to fly on artificial wings),Person flies on artificial wings or partly turning himself into a bird but falls to the ground or remains in a far away place being unable to fly any more,True,61,0.06587473002159827
1773,m29a_9,Trickster-raven,"In episodes related to deception, absurd, obscene or anti-social behavior the protagonist is raven",True,78,0.08423326133909287
1774,m29b_9,"Trickster-fox, jackal or coyote","In episodes related to deception, absurd, obscene or anti-social behavior the protagonist is fox, jackal or coyote",True,339,0.36609071274298055
1775,m29c_9,Trickster-skunk,"In episodes related to deception, absurd, obscene or anti-social behavior the protagonist is skunk",True,12,0.012958963282937365
1776,m29d_9,Trickster-mink,"In episodes related to deception, absurd, obscene or anti-social behavior the protagonist is mink",True,9,0.009719222462203024
1777,m29f_9,Trickster-wolverine,"In episodes related to deception, absurd, obscene or anti-social behavior the protagonist is wolverine",True,19,0.020518358531317494
1778,m29g_9,Trickster-hare or rabbit,"In episodes related to deception, absurd, obscene or anti-social behavior the protagonist is hare or rabbit",True,163,0.17602591792656588
1779,m29g1_9,m29g1_9,,False,103,0.11123110151187905
1780,m29gg_9,Trickster-hedgehog,"In episodes related to deception, absurd, obscene or anti-social behavior the protagonist is hedgehog",True,10,0.01079913606911447
1781,m29h_9,Trickster-owl,"In episodes related to deception, absurd, obscene or anti-social behavior the protagonist is owl",True,14,0.01511879049676026
1782,m29i_9,Trickster-hawk,"In episodes related to deception, absurd, obscene or anti-social behavior the protagonist is hawk",True,13,0.014038876889848811
1783,m29j_9,Trickster is a water bird,"In episodes related to deception, absurd, obscene or anti-social behavior the protagonist is a water bird",True,12,0.012958963282937365
1784,m29k_9,"Trickster is a turtle, a toad or a frog","In episodes related to deception, absurd, obscene or anti-social behavior the protagonist is a turtle (or tortoise), a toad or a frog",True,128,0.13822894168466524
1785,m29l_9,Trickster is an opossum,"In episodes related to deception, absurd, obscene or anti-social behavior the protagonist is an opossum",True,24,0.02591792656587473
1786,m29m_9,Trickster is a rat,"In episodes related to deception, absurd, obscene or anti-social behavior the protagonist is a rat",True,16,0.017278617710583154
1787,m29n_9,Trickster is a mouse,"In episodes related to deception, absurd, obscene or anti-social behavior the protagonist is a mouse",True,11,0.011879049676025918
1788,m29nn_9,Trickster is a ground squirrel ,"In episodes related to deception, absurd, obscene or anti-social behavior the protagonist is a ground squirrel (Xerux sp.)",True,7,0.00755939524838013
1789,m29o_9,Trickster is a monkey,"In episodes related to deception, absurd, obscene or anti-social behavior the protagonist is a monkey",True,30,0.032397408207343416
1790,m29p_9,Trickster is a spider,"In episodes related to deception, absurd, obscene or anti-social behavior the protagonist is a spider",True,24,0.02591792656587473
1791,m29q_9,Trickster is a racoon,"In episodes related to deception, absurd, obscene or anti-social behavior the protagonist is a racoon",True,9,0.009719222462203024
1792,m29qq_9,Trickster is an anteater,"In episodes related to deception, absurd, obscene or anti-social behavior the protagonist is an anteater",True,10,0.01079913606911447
1793,m29r_9,Trickster is a porcupine,"In episodes related to deception, absurd, obscene or anti-social behavior the protagonist is a porcupine",True,18,0.019438444924406047
1794,m29u_9,Trickster is the Moon,"In episodes related to deception, absurd, obscene or anti-social behavior the protagonist is the Moon",True,31,0.03347732181425486
1795,m29v_9,Trickster is a small ungulate,"In episodes related to deception, absurd, obscene or anti-social behavior the protagonist is a small ungulate (deer, gazelle, antelope)",True,35,0.03779697624190065
1796,m29w_9,Trickster is a feline,"In episodes related to deception, absurd, obscene or anti-social behavior the protagonist is a feline (jaguar, ocelote, puma)",True,16,0.017278617710583154
1797,m29x_9,Trickster is a hyena ,"In episodes related to deception, absurd, obscene or anti-social behavior the protagonist is a hyena",True,22,0.023758099352051837
1798,m29x1_9,Trickster is a badger,"In episodes related to deception, absurd, obscene or anti-social behavior the protagonist is a badger",True,9,0.009719222462203024
1799,m29y_9,Trickster is a wren,"In episodes related to deception, absurd, obscene or anti-social behavior the protagonist is a wren",True,9,0.009719222462203024
1800,m30_11,Trickster falls down,"Person or creature who has no wings or is unable to fly on a long distance attempts to ascend to the sky or to fly far away but falls down or, deprived of his wings, remains in a place from which he is unable to return",True,190,0.20518358531317496
1801,m30a_11,Person defecates on a trickster,Trickster who flies over a village falls to the ground. They bind him and defecate on him,True,9,0.009719222462203024
1802,m31_11,Trickster thrown into the water,Animal person who cannot swim asks a good swimmer to carry him. The latter agrees only to throw his rider into the water,True,5,0.005399568034557235
1803,m32_11,Anus opened,Food or liquid that person swallows are immediately pouring out from his bottom part,True,26,0.028077753779697623
1804,m32a_11,Eating pieces of flesh that fall out,Person's intestines or pieces of flesh from his bottom part fall out. He eats them up taking for a good meat or fat,True,9,0.009719222462203024
1805,m33_11,Anus closed,"Person himself or somebody else stitches up or firmly stops his anus (with wax, clay, grass, etc.)",True,18,0.019438444924406047
1806,m34_11,Thrown object turns into tail,An object thrown into person becomes his tail and the person himself an animal,True,8,0.008639308855291577
1807,m35_11,Cold enduring competition,Two animal persons compete to see who could withstand cold all the night. At dawn one is dead,True,8,0.008639308855291577
1808,m36_11,Dismantles himself to crawl through an opening,"Person is imprisoned inside a tree, stone, a ball of ice, etc. He or somebody else makes the opening but it is too narrow. The person puts himself to pieces (or turns into fog), inserts them into the opening, outside puts the pieces together again",True,12,0.012958963282937365
1809,m37_10,Blow of axe,Person or person's head is split with the blow of an axe. Person remains (or must remain if the procedure is realized in correct way) uninjured,True,5,0.005399568034557235
1810,m38_11,Stupid imitation (The bungling host),"Person sees others act using magic or according to their animal nature. Back at home, he imitates their actions and gets in trouble. Actions are not heroic deeds, competitions or tests and mostly refer to providing and cooking food",True,155,0.1673866090712743
1811,m38a_11,Imitating wife’s kinfolk,Person imitates actions of his son- or brothers-in-law or (among Comox and Halcomelem) of his wives,True,25,0.026997840172786176
1812,m38b_11,Stupid wives imitate magic one,A rejected wife acts using magic. Other wives try to imitate her and perish,True,23,0.024838012958963283
1813,m38c_11,Old people forged into young ones,In forgery person forges old people into the young ones. A smith who has no supernatural power unsuccessfully tries to imitate him,True,33,0.035637149028077755
1814,m39a_11,Fool takes off boots from animals’ legs,"Two brothers live with their mother. One of them makes stupid actions like (all or some of them): lets free animals that got into a snare but kills his mother; thinks that an animals (reindeer, cow, horse, etc.) does not want to step into the water because they are afraid to make their shoes or clothes wet, cuts their hooves off or flays them; thinks that a certain place on a head of a baby is a tumor, sucks baby's brains out; cuts a cloth into pieces and ties them to reeds of to branches of a tree; hearing a murmur of water throws food into the water; tries to build a hut not on a river bank but in the river",True,17,0.0183585313174946
1815,m39a1_11,Misunderstood instructions: a step behind,Fool follows instructions that were reasonable in every previous episode but become absurd in every next one,True,74,0.07991360691144708
1816,m39a2_11,Misunderstood instructions: a sharp object,Fool is acting in an absurd way taking instructions literally or being one step behind. One of the episodes is related to treatment of a needle or other sharp objects,True,8,0.008639308855291577
1817,m39a3_11,Had your daughter horns?,"Fool kills a person, throws the body into a pond or a well. His relation throws there a dead goat. Searching for the corpse in the pond, the fool asks if the killed person had horns, etc. People see that he is really crazy and do not suspect him of a crime",True,17,0.0183585313174946
1818,m39a4_11,Fool and his shadow,Fool takes his own shadow for a person who pursues him and gives it his possessions,True,12,0.012958963282937365
1819,m39a4a_11,Selling a cow to a lizard (Money inside the statue),"Fool sells (gives) goods to an animal or a plant and believes that the buyer will pay or he makes a work which nobody asked him to do mistaking an animal for a master. When he comes for the money, he beats the animal or a plant (follows the animal) and finds treasure",True,46,0.04967602591792657
1820,m39a5_11,Fool kills goats for eating pears,Fool brings his goats to a fruit tree and kills them when they become to eat fruits that he has thrown down from the tree,True,4,0.004319654427645789
1821,m39a5a_11,m39a5a_11,,False,59,0.06371490280777538
1822,m39a6_11,Misunderstood instructions: to cut a road,A wayfarer asks his companion in an allegorical for to tell a story. The companion takes his words in the direct sense and acts stupidly,True,20,0.02159827213822894
1823,m39a6a_10,Clever daughter-in-law of the prisoner,"A powerful man finds a clever wife for his son or for himself. Being imprisoned by enemies he or his daughter-in-law sends a message that only they two understand. The enemies are destroyed, the prisoner is released (rare: his body is found).",True,18,0.019438444924406047
1824,m39a6b_10,King the craftsman,"A poor girl agrees to marry a prince only if he learns some craft. He does it, marries the girl and then gets into hands of some criminals. He promises them to produce valuable object that they can sell for good money. His wife or (rare) his father recognize his work (or read signs of the object). He is released, the criminals killed",True,7,0.00755939524838013
1825,m39a6c_10,m39a6c_10,,False,24,0.02591792656587473
1826,m39a6d_10,m39a6d_10,,False,48,0.05183585313174946
1827,m39a6e_10,m39a6e_10,,False,13,0.014038876889848811
1828,m39a6f_10,m39a6f_10,,False,10,0.01079913606911447
1829,m39b_11,Fool attacks his own dwelling,"Person does not put attention to which direction his canoe goes. As a result he returns to his own dwelling, attack its inhabitants killing his own kin",True,5,0.005399568034557235
1830,m39b1_11,Paddling in both directions,Persons sitting in a canoe paddle in opposite directions and the canoe does not move,True,5,0.005399568034557235
1831,m39c_11,Pumpkin sold as a donkey’s egg,"A numskull finds or buys an unknown fruit (pumpkin, melon, etc.). He mistakes it for an egg of a donkey (mare. camel, etc.). When he drops it or throws it off he scares a hidden hare (rabbit, fox, mouse, etc.). The fool thinks the fugitive is a young animal hatched from the egg",True,51,0.0550755939524838
1832,m39d_11,Four plaintiffs and one defendant,In succession and unintentionally a man causes damage to others. All of them together bring him to the court. In each case the judge makes decisions that are formally logical but patently unacceptable and saves the man,True,49,0.052915766738660906
1833,m39e_11,What sort of a tree?,"Asking about minor details of the case, a judge demonstrates that the plaintiff (or the defendant) lies because he does (not) know about them ",True,18,0.019438444924406047
1834,m39e1_11,m39e1_11,,False,3,0.0032397408207343412
1835,m40_11,The distorted instructions,"A weaker (animal) person comes to a wife or a son of a stronger one and tells her or him that her (him) husband or father has ordered to give him food, to make love to him, etc.",True,49,0.052915766738660906
1836,m41_11,The eye-juggler,Person plays throwing his eyes or (Alaska Athabascans) his tooth up or away. Eyes or tooth first come back to eye sockets or mouth but eventually are lost,True,51,0.0550755939524838
1837,m42_11,Eyes: lost and found,Person loses his eyes because of his playfulness or negligence. He makes new eyes of some substance or/and takes eyes of another person,True,98,0.10583153347732181
1838,m42a_11,Eyes of berries,"Person (usually after losing his own eyes), makes new eyes of berries and is able to see again",True,25,0.026997840172786176
1839,m42b_11,Eyes of gum,"Person loses his eyes, makes new ones of gum and is able to see again (though usually not well)",True,21,0.02267818574514039
1840,m42c_11,"Falling from a bluff, eats his own marrow","Breaking his leg after falling from a bluff, person becomes to eat his own bone marrow",True,4,0.004319654427645789
1841,m43_10,Doll as a decoy,"To kill or catch a monster, human figure of wood or clay or alive woman is exposed as a bait. Usually monster's claws or sharp leg get stuck in the wood",True,30,0.032397408207343416
1842,m44a_11,Thieves of food: the first people,Person discovers that somebody steals game or fish from his trap or devastates his garden. He or his guards catch the thieves who prove to be the first humans beings or the first men,True,6,0.0064794816414686825
1843,m44b_11,Thieves of food: the women,Person discovers that somebody steals game or fish from his trap or devastates his garden. He or his guards catch the thieves who prove to be (the first) women or the thief is the water being whom the hero lets go after receiving a woman for ransom,True,41,0.04427645788336933
1844,m44c_11,Thieves of food: a young hero,A boy or young man comes to steal food of a person who is elder than he. Usually he is caught but not punished and invited to live with the elder person,True,31,0.03347732181425486
1845,m45_11,A predator tricks animals to gather around him,"A predator animal falls asleep or pretends to be dead or sleeping. A lot of animals gather around him, he kills many or they run away in panic",True,28,0.03023758099352052
1846,m45a_11,Old man and animals,"A man falls asleep or pretends to be sleeping or dead. Animals take him for dead: mourn, carry to bury, are going to eat up, etc. The man kills a lot of animals or obtain valuables otherwise ",True,33,0.035637149028077755
1847,m46a_11,Picked up baby,"Person turns into baby, is picked up by the owner of valuables, steal the valuables or make love to a woman",True,34,0.0367170626349892
1848,m46b_11,Baby born by woman,"Person turns into tiny object or creature. Touching or swallowing it, the woman conceives and gives birth to a baby-boy. The boy steals valuables or make love to the woman",True,35,0.03779697624190065
1849,m46c_11,Swallowed conifer-needle,"Person turns into conifer-needle, a tiny particle, a small insect. Swallowing it by chance, the woman becomes pregnant and gives birth to a boy",True,26,0.028077753779697623
1850,m46d_11,Child cries for a toy,"A small child cries and becomes satisfied only when he gets a particular object to play with. This object is of high value and is hidden in the house. As soon as the object is given to the child, the fate of his mother or of whole humanity changes",True,25,0.026997840172786176
1851,m47_10,Head put to bottoms,"Punishing a person or animal or restoring his or its body after its disin­teg­ration, a powerful being intentionally or by chance puts head to bottoms",True,16,0.017278617710583154
1852,m48_11,Trickster turns into buffalo,"Trickster asks an animal to transform him but breaks condition of transformation and acquires his original guise. Usually he asks a big horned animal (buffalo, elk) to turn him into buffalo (elk) too. Animal charges, trickster is scared. Next time he remains on the place, turns into buffalo but trying to transform the same way another person, turns back into his own self",True,13,0.014038876889848811
1853,m49_10,Man in a skin of another,"Hero comes across a (animal-)person from an enemy group and takes his or her appearance, usually dressing himself in a skin of his victim; after this he penetrates the enemy camp",True,86,0.09287257019438445
1854,m49a_10,m49a_10,,False,42,0.04535637149028078
1855,m50_11,Man follows stars,A man tries to join a group of persons who are or become stars (usually the Pleiades) but suffers a reverse; or he pursues the stars to have sexual contact or to be reintegrated with members of his family,True,32,0.03455723542116631
1856,m51_11,Meat in a tree,"One of two animal-persons kills game, another claims it for himself. The weaker one deceives the stronger, carries the meat to a high tree or rock, throws down something inedible instead of meat. Usually this object is sharp or heavy, the stronger one is killed or injured. In some variants meat is carried to a tree not by the person who originally got it but by one who tried to appropriate it)",True,45,0.04859611231101512
1857,m52_11,Butchered carcass,A small animal (not a predator) or a weak person kills a big game. He asks another (animal-)person to skin or butcher the carcass. The latter is willing but takes or tries to take all the meat for himself,True,28,0.03023758099352052
1858,m53_11,Hoodwinked dancers,"Person invites birds or animals (usually geese and ducks) to dance or stand around him and concentrate their attention on some activity (usually to dance with their eyes shut), kills them, usually one by one. Or (rare) he dances himself with his eyes shut and then kills water fowl who gather around him",True,56,0.06047516198704104
1859,m53a_11,Raven and seals,Raven tricks seals or other water mammals to gather around him and kills them by deception,True,6,0.0064794816414686825
1860,m53b_11,Bag with songs,Trickster pretends to have songs in his bag,True,15,0.016198704103671708
1861,m53c_11,Red eyes,"Trickster suggests water fowl to dance around him with their eyes shut, kills them one by one. He warns that eyes of a bird who would open them become red. In some versions, the bird who opened its eyes got them really red",True,16,0.017278617710583154
1862,m53d_11,Would believe enemies,"Person creates figures that look like enemies or pretends that enemies come. People run away, person gets all valuables for himself",True,14,0.01511879049676026
1863,m53e_11,Would believe evil omen,"Person (always a raven) kills a whale. When people come, he tells them about some circumstances that can make the meat dangerous. People do not dare to touch the meat and the deceiver eats it alone",True,7,0.00755939524838013
1864,m53f_11,Disguised trickster eats up all the food,"Taking part in storing up food, person pretends to go away for some reason, returns disguised as a monster or predator, people are scared and run away, the deceiver eats up all the food but is ultimately unmasked",True,3,0.0032397408207343412
1865,m54_11,Runway awakes in the same house,A man runs away from the house of powerful person but in the morning awakens in the same house again,True,10,0.01079913606911447
1866,m55_11,Sprinkling hot coals,"A man or a weaker animal leads the stronger one to a place that is allegedly dangerous (hot coals, ashes, sticks, etc. can fall there at night). When his companion is asleep, man throws sticks, sprinkles hot ashes or coals on him pretending that they fall on them both",True,5,0.005399568034557235
1867,m56a_11,Alligator’s secret,A man or an animal beats alligator but it remains unharmed and says that he would be killed if stricken in one special place on his body. The next time the same person strikes alligator this way and kills it,True,16,0.017278617710583154
1868,m56b_11,To bring tears and skins,"A weak person's demand will be granted if he brings a skin (paw, tears, etc.) of animals stronger than he. He fulfills the task using tricks (but usually does not receive the promised reward)",True,8,0.008639308855291577
1869,m56c_11,To measure a snake,Person promises to bring a snake. The snake agrees to let him measure it. He ties the snake to a measuring stick or during the measuring finds a vulnerable place on the snake’s body,True,4,0.004319654427645789
1870,m56d_11,To fill container with flies,"Person promises to fill container with small flying creatures which are alive. When he expresses his doubts that the creatures are numerous enough to fill the container, they fly in and he closes the lid",True,5,0.005399568034557235
1871,m57a_8,Bears discharged from body,"Instead of common body discharges man or woman urinates, spits, etc. beads, flowers, gold and other valuables",True,96,0.10367170626349892
1872,m57b_8,Sweat of the Sun and tears of the Moon,Beads or metals are discharged by bodies of deities,True,15,0.016198704103671708
1873,m57c_11,Ass defecates gold,"A domestic animal (ass, cow, horse) defecates gold or food",True,76,0.08207343412526998
1874,m57d_11,"Beat, cudgel!","Person first gets magic objects that bring food or treasure and after this he receives a cudgel (a whip, etc.) that beats people, usually those who have stolen the first objects. (In Greek text the stealer of magic objects is punished otherwise)",True,93,0.10043196544276457
1875,m58_10,Plant or trail saves from fire,"World is ablaze, fire pursues a person. Some objects or elements do not resist the heat and cannot hide him. The last named gives protection. Earth becomes cool, person continues his travel",True,13,0.014038876889848811
1876,m59_11,Treacherous rider kills ferry animal,"A small animal asks bigger one to bring him across the stream, rejects one by one all possible places to sit; finds the position that lets him kill the big animal after crossing the stream",True,25,0.026997840172786176
1877,m59a_11,Porcupine waiting for ferryman,"Porcupine asks other animal to ferry him across river, rejects different places to sit, occupies a place where he can easily kill the animal after crossing the river and really kills him",True,17,0.0183585313174946
1878,m60_10,Sham doctor: finished off enemy,"Hero wounds monstrous enemy, then masks as a doctor, kills his patient instead of curing him",True,36,0.038876889848812095
1879,m60a_10,Unrecognized hero comes to one whom he wounded,"Hero wounds an animal or a supernatural creature, then masks as a doctor, comes unrecognized to the one whom he wounded, either cures or kills him",True,59,0.06371490280777538
1880,m60a1_10,Herdsman explains how to ferry cattle,"To come unnoticed to his adversaries, the hero takes the guise of a herdsman and before that gets know from the real herdsman how to ferry the cattle across a river",True,10,0.01079913606911447
1881,m60a2_10,False servant licks soles,A servant has to lick soles or a wound of his master or mistress. The hero comes disguised as the servant and instead of licking the soles rubs them (rubs the wound) with a cut off animal tongue,True,12,0.012958963282937365
1882,m60b_11,False doctor: a finished off victim,The deceiver who promised to cure a sick or wounded person or animal devours him,True,35,0.03779697624190065
1883,m61a_11,"To obtain valuables, quarrel provoked","To obtain valuables person provokes a quarrel between their owners. When the owners become to fight with each other, the valuables fall out",True,9,0.009719222462203024
1884,m61a1_11,Person provokes a quarrel between two birds,"To provoke a quarrel between a gull and another bird, person (always a raven) tells each one that the other was insulting him",True,4,0.004319654427645789
1885,m61a2_11,Person provokes a quarrel between two birds,"To provoke a quarrel between two different stones, person (always a raven) tells each one that the other was insulting him",True,5,0.005399568034557235
1886,m61a3_11,Person provokes a quarrel between two fish,"To provoke a quarrel between two different fish, person tells each one that the other was insulting him",True,4,0.004319654427645789
1887,m62a_11,Quarrel provoked by action,Hero imperceptibly causes detriment to two persons or creatures. They accuse each other and fight,True,53,0.05723542116630669
1888,m62b_11,Trying to hit the hero hit each other,Two or more personages direct their weapons against the hero who is between them but hit each other,True,19,0.020518358531317494
1889,m62c_11,Pulling a rope,A weak animal-person agrees separately with two strong ones to pull a rope with him. They do not know that are engaged into tug-of-war with each other or that the rope is tied to a tree. (In New World motif borrowed from Afroamericans),True,26,0.028077753779697623
1890,m62d_11,Hare in rotten hide,"Trickster puts on a rotten hide of an animal and, being unrecognized, pretends to be victim of hare’s magic. Animals are frightened and decide not to pay the hare back for his tricks",True,6,0.0064794816414686825
1891,m62e_11,One field and two workers,"A weak person makes a separate agreement with two strong ones to cultivate a field. The strong ones do not know about each other, and ultimately the weak one takes all the harvest himself.",True,4,0.004319654427645789
1892,m62f_11,Every next assistant kills previous one,"Person invites in succession others to help him in his work. Every next one is stronger than the one who came before and eats him up, the last two perish when they begin to fight",True,4,0.004319654427645789
1893,m63_10,Body parts enumerated,"Before finding a part of the body that is the best for some particular function, other parts are proven or enumerated",True,46,0.04967602591792657
1894,m64_11,Person pretends to possess resources,"To get valuables (food, fire) concealed by their owner, person pretends that the valuables are already in his possession",True,15,0.016198704103671708
1895,m65_11,"Trickster jammed, meat stolen","Trickster cooks meat got by deception but is unexpectedly jammed between trees or stuck to a stone. An animal (usually fox, wolf or coyote) steals all the meat",True,29,0.03131749460043196
1896,m65a_11,Squeaking tree ,"Trees squeak in the wind. Trickster hears a noise, climbs up the tree and is caught between limbs",True,20,0.02159827213822894
1897,m65b_11,The lost quarry,"Person kills game (usually by deception), gets to see how thieves carry it away but is unable to intervene",True,28,0.03023758099352052
1898,m66_11,Itch after artichoke eating,"After eating certain plant, small animal, or rubbing it over his body, person suffers from itch, diarrhea, or from breaking wind",True,23,0.024838012958963283
1899,m67_11,Trickster gone with a wind,Imprudent trickster produces wind that carries him away,True,11,0.011879049676025918
1900,m68_11,Breaking wind scares game,"Because of his own obstinacy, person suffers of breaking wind permanently and starves because a loud noise produced by him scaring game",True,10,0.01079913606911447
1901,m69_11,Head caught in animal skull,A small animals or insects dance or feast inside big animal skull or food is there. Trickster inserts his head into the skull and cannot take it out for a long time,True,16,0.017278617710583154
1902,m70_10,An elder person poisons a younger one with intestinal gas,Old person tricks a young man into smelling her or his intestinal gas,True,14,0.01511879049676026
1903,m70a_10,Old woman is pierced through,An old woman defecates or breaks wind over a man. He kills her inserting a cutting object into her anus or vagina,True,15,0.016198704103671708
1904,m71_11,Picked up piece of wood,"Trickster floats down the river or falls from the height and turns into a piece of wood or into a wooden object. Somebody picks it up. Eventually, the trickster acquires his real self, usually in the host's absence",True,15,0.016198704103671708
1905,m72_10,Hand in animal’s anus,Person puts (for different reasons) his or her hand into the anus of a tapir or other herbivorous animals and is unable to extract it back. Animal starts to run and drags the person behind him for a long time,True,19,0.020518358531317494
1906,m73_11,Exchanged excrements,Two (animal) persons compare their feces or vomits to know about the diet and habits of each other. The weaker one gets to exchange the feces (vomits),True,33,0.035637149028077755
1907,m74_11,Exchanges vomits,"Two animals or persons compare their vomits to know about the diet and habits of each other. The weaker one gets to exchange vomits, to swallow the unusual food before, or to swallow his partner's vomits",True,18,0.019438444924406047
1908,m74a_11,Strange names of the babies,"An animal person pretends to be invited to be godfather or he gives names to different places along which he travels in a sledge, boat, etc. The names look strange but become understandable when other people or animals get to know that their companion has devoured all the supplies",True,66,0.07127429805615551
1909,m74aa_11,Theft of food by playing godfather,An animal person pretends that he has been invited to be godfather at a baptism (or invited to a funeral or wedding) but instead eats secretly food supplies,True,58,0.06263498920086392
1910,m74ab_11,Fox in a boat,"Travelling in a boat or on a sledge, animal person (always the fox) steals food supplies or ruins objects and accordingly to his deeds, names different places. These names seem strange to the person’s companions (“River of broken arrows” and the like)",True,10,0.01079913606911447
1911,m74b_11,Who has eaten up supplies?,Person secretly eats up supplies and pretends that the thief is somebody else. To prove it he puts remains of the food or his body excretions near his sleeping companion. ,True,36,0.038876889848812095
1912,m75a_11,Revenge for falling from the sky,Vulture suggests person to carry him in the sky but drops to earth. The person attracts vulture to revenge on him. Or the vulture drops the person (or abandons him on a high rock) to revenge on him for his attempt to catch him,True,11,0.011879049676025918
1913,m75b_10,Hero inside carcass,A man hides in a skin or carcass of a big animal. A bird carries it to its nest without knowing that the man is inside,True,15,0.016198704103671708
1914,m75b1_10,Marco the Rich,"A man gets to know that a poor boy must inherit all his property or become a king and tries to prevent it, but the fate cannot be changed. The boy marries a rich girl, usually the daughter of his adversary",True,72,0.07775377969762419
1915,m75b1a_10,m75b1a_10,,False,44,0.047516198704103674
1916,m75b2_10,Bird tries to avert predetermined marriage,"When a boy and a girl are still small children, a bird gets to know about their predetermined marriage. All its attempts to prevent the marriage fail.",True,7,0.00755939524838013
1917,m75c_10,Treasure on mountain top,A man sends another one to top of a mountain or a tree to obtain treasure for him. To go back is impossible but the man survives,True,41,0.04427645788336933
1918,m75d_10,Vulture’s knife,A man bereaves vultures of their hunting weapons or amulets,True,8,0.008639308855291577
1919,m76_10,"Person climbs a tree, leg is cut off","When a man climbs a tree, a woman cuts his leg off or when a woman climbs a tree, a man cuts her leg off",True,4,0.004319654427645789
1920,m77_11,A soiled bed,"While person is asleep, another smears with excrements or something that reminds excrements his or her bed or clothes. The ashamed person runs away or agrees to make what the trickster wants in exchange of his silence",True,39,0.042116630669546434
1921,m78_11,Thumbling,"A childless couple (old woman, old man) gets for a son tiny boy as big as a thumb. He taunts people, predator animals, ogres",True,82,0.08855291576673865
1922,m78a_11,Tail-boy,A wee boy is a transformed tail of a sheep or goat,True,8,0.008639308855291577
1923,m79_11,Dancing with reeds,Person joins dancers but then understands that these are trees or reeds moved by the wind,True,7,0.00755939524838013
1924,m80_11,Quail scares trickster,"Person insults a partridge-like bird, kills or injures her chickens. The partridge scares him, he falls, usually into a river or lake",True,19,0.020518358531317494
1925,m81_10,Blind persons,A man travels and comes to two or several blind (usually old) persons,True,85,0.091792656587473
1926,m81a_10,Blind duck-women cured,"A man meets two blind women, makes them see, they are or become birds (geese, ducks, grouses or the like)",True,10,0.01079913606911447
1927,m81b_10,Not to climb after an arrow stuck in a tree,"Despite a warning not to do so, person climbs in a tree to get his arrow that was stuck and gets into trouble",True,10,0.01079913606911447
1928,m81c_10,Blinds met in the sky,"Getting to the sky or (rare) to the lower world a man comes across one or two blind persons, then returns to the earth. Usually he cures their eyes",True,23,0.024838012958963283
1929,m81d_10,Blind persons cured,A man comes across (often in the sky) one or two blind persons and cures their eyes,True,32,0.03455723542116631
1930,m82_11,Rattles tied to tail,"An animal person sees that another has something tied to his tail, wants the same tail for himself and has a trouble as a result",True,9,0.009719222462203024
1931,m83_11,Who is older?,"Somebody claims that he has been born before present world came into being. His opponent claims the same, and they argue who of them is the older",True,71,0.07667386609071274
1932,m83a_11,Fox cries for his dead children,"Persons or animals argue who of them is older, some claim that they lived in such and such time, but the last one says that he remembers this day because a certain event had taken place at this time",True,12,0.012958963282937365
1933,m83b_11,Whose dream is better?,"Two (or more) (animal)-persons agree that whichever of them has the most wonderful dream may eat all the food. The first one tells about a feast that he participated in his dream. His companion answers that he was sure that after such a feast (after getting into the paradise, etc.) the first one would not need the food, so he has eaten it alone",True,45,0.04859611231101512
1934,m83c_11,Who becomes drunk easier?,Animals argue who of them gets drunk easier. The last one falls down because he becomes drunk as soon as somebody talks about alcohol,True,6,0.0064794816414686825
1935,m84_8,Revived from bones,"Person, animal or (rare) a fruit is eaten up. After this all bones (all seeds) are put together and the eaten up is revived",True,69,0.07451403887688984
1936,m84a_8,Goat resuscitated,"Supernatural beings kill and eat a deer, ram, cow or goat, then put all the bones in the animal's skin and the revived animal runs away",True,25,0.026997840172786176
1937,m84b_8,Bones into the water,"Butchered and eaten animal, bird or fish revives after its bones are thrown into the water",True,26,0.028077753779697623
1938,m84c_8,Guest of bush spirits,A man spends a night in a forest under a tree. He listens how a bush spirit explains to another that he has a guest (i.e. this same man) tonight,True,6,0.0064794816414686825
1939,m84d_8,Conversation of trees,A man listens in conversation of trees one of which is mortally ill,True,4,0.004319654427645789
1940,m85_11,The fox bluffs,An animal person (usually a fox or a jackal) threatens to cut down a tree on which mother bird (squirrel) made its nest unless she will throw down one of her nestlings (squirrel children) or eggs. Another bird lets the mother bird know that the predator is unable to realize his threat,True,88,0.09503239740820735
1941,m86_11,Rock punishes trickster,Rock chases or otherwise punishes person who has offended it (usually deceived it or has taken objects that belong to Rock),True,20,0.02159827213822894
1942,m87_11,Invisible ghosts,Person enters a seemingly empty house and attempts to take certain things. Invisible beings prevent him from doing it or objects themselves hurt him,True,21,0.02267818574514039
1943,m88_11,Involved into dance,A man joins a group of dancing women and is killed or injured as a result,True,7,0.00755939524838013
1944,m89_11,Melted wax,"Person dies or is humiliated after some object that he or she made of wax, resin, excrements and/or took for something worthy are melted down",True,38,0.04103671706263499
1945,m89a_11,Horns of hyena,Only horned animals are invited to a feast. Hyena makes itself false horns but is disguised,True,5,0.005399568034557235
1946,m90_10,To guess of what material an object is made,Somebody suggests to guess what sort of material a certain object is made of. Another person (usually a monster) gets to know the secret and the hero or the heroin must do what they have promised,True,59,0.06371490280777538
1947,m90a_10,To marry a man who would give a correct answer,"A girl is promised to a man who would know her name or whose finger would fit her ring, or who would guess a material from which certain object is made or grown. Person finds a correct answer by deception",True,33,0.035637149028077755
1948,m90a1_10,The louse skin,"It should be guessed the nature of a big animal or its skin, the content of a box. The correct answer is that the animal is a louse (o flea), a louse is in the box",True,55,0.05939524838012959
1949,m90a2_10,m90a2_10,,False,8,0.008639308855291577
1950,m90b_10,Sun rises from the West,Person was wrong being sure that the Sun cannot rise from the West,True,7,0.00755939524838013
1951,m91_11,The killed corpse,"Person pretends that a person (often his or her mother, spouse or lover) who recently died is alive, claims that the death of the false alive resulted from negligence of others and gets a reward",True,111,0.11987041036717062
1952,m91a_11,Simulating killing (a bag with blood),"Person conceals under clothes a bladder with blood or red juice and piercing it, simulates killing or suicide or demonstrates that he can cut his bowels and remain alive ",True,52,0.056155507559395246
1953,m91b_11,Sold ashes,"Using trick, a man sells or exchanges for treasure ashes. Another person tries to sell ashes and is ridiculed",True,39,0.042116630669546434
1954,m91c1_11,Herd from the river bottom,Person gets other person’s possessions by trick (or pretends to get it; usually another person is drowned instead of him) and then demonstrates his possessions (usually a herd) and explains that he had received everything at the river bottom. His enemies believe him,True,87,0.0939524838012959
1955,m91c2_11,Put into bag,"Person is put into a bag (a cage, tied up, etc.) to be drowned, burned, etc. He pretends to be in this situation by his own will or because he refuses to marry a princess, to become a chief and the like. Another person is willing to take his place and is killed",True,101,0.10907127429805616
1956,m91c3_11,Hare the messenger,"After warning his wife about the planned trick, person lets free a wild animal or bird asking it to pass a message to his wife. Seeing the same (actually another) animal or bird in his companion’s house another man buys the animal for a lot of money",True,27,0.029157667386609073
1957,m91c4_11,Pot that does not need fire to cook,Man takes a pot from the fire but it is still boiling or he cooks the food beforehand and tells that his pot cooks it in no time. Another man buys the pot,True,16,0.017278617710583154
1958,m91d_11,Drowned shaman,"Person deceives the other (giving out a corpse for alive person, accusing incent people of murder, etc.). When a shaman (almost) gets to know the truth, the trickster kills her or him and gets to avoid any punishment",True,10,0.01079913606911447
1959,m92_11,Red eyelashes,Girls stick something red to old man's eyebrows and he thinks it is a fire,True,5,0.005399568034557235
1960,m93_11,Body part as a guard,"Before falling asleep, person tells his eyes (which he extracts and puts aside) or his anus to awake him in case of danger. Eyes or anus do not make an alarm or person himself does not react to it. As a result he suffers a damage",True,32,0.03455723542116631
1961,m93a_11,Guard punished,"Person punishes the part of his body which he selected as his guard for the time of his sleep or absence (he burns his buttocks, breaks eyes)",True,22,0.023758099352051837
1962,m94_11,Sliding downhill,"Person tricks another to slide down a hill knowing that sharp poles, etc. or an open water are below",True,23,0.024838012958963283
1963,m94a_11,Wolf in a basket,Person tricks another to crawl into a basket and closes it. One in a basket is killed or badly injured (usually rolled down a hill),True,14,0.01511879049676026
1964,m95_11,Brings presents to person’s kin,A weaker person asks the stronger one to bring present to his or her kin and hides himself or herself in a bag. The stronger one brings the bag to the weaker one's relatives thinking that there are but some objects inside,True,22,0.023758099352051837
1965,m96_11,Imagined guests,"Person does not want to share his meal with his close relatives and pretending to have many guests, eats food alone",True,7,0.00755939524838013
1966,m97_11,Blind directed by trees,"Person becomes blind or loses his way. He walks asking different trees their names, makes decisions accordingly to their answers and ultimately reaches his destination",True,24,0.02591792656587473
1967,m98_11,Who are more numerous?,"Person reckons up number of members in two alternative multitudes (alive trees and dead trees, men and women, etc.). Numbers prove to be equal but one member possesses the qualities of the both multitudes. Adding it to one of them, person demonstrates his case",True,34,0.0367170626349892
1968,m99_10,House of birds’ bones,Person is going to exterminate birds but decides not to do thanks to a wise adviser,True,30,0.032397408207343416
1969,m100_11,Sleep at the edge of a cliff,"One animal-person suggests another to lie asleep at the edge of a bluff or cliff. At night he tells him to move a little, the companion falls down and dies",True,22,0.023758099352051837
1970,m100a_11,Jump from a cliff,"An animal-person provokes another to jump from of a bluff or cliff because his father (grandfather, etc.) could do it. The one yielded to provocation jumps and dies",True,8,0.008639308855291577
1971,m101_11,Who is afraid of whom? (Fox and Bear),"Fox tells that he is afraid of people, Bear tells that he is afraid of partridges. Fox hunts partridges, Bear attacks people and is wounded or killed",True,12,0.012958963282937365
1972,m102_11,Person lets his leg or head to be cut off,"A bird stands with one leg tucked under it, putting its head under its wing; turtle draws its head and limbs under its shell. Person decides that the bird has one leg, no head, turtle has neither head nor limbs, asks to cut him his head and limbs off",True,20,0.02159827213822894
1973,m103_11,Children with pretty spots,"Person asks another how her or his children got their pretty colors. Another answers that she or he put them into the fire. roasted, etc. The first person believes, kills his or her children",True,13,0.014038876889848811
1974,m104_11,Make believe killing of kinsfolk,"Person conceals his or her close relatives (children, mother, brothers) and tells another that he or she has killed them. Another believes and agrees to kill his or her own children, mother, etc.",True,68,0.0734341252699784
1975,m105_11,Make believe killing of mother,"Person conceals his mother or (rare) wife or mother-in-law, tells another that he has killed or sold her, another really kills or sells his mother (wife, mother-in-law)",True,41,0.04427645788336933
1976,m105a_11,Make believe killing of children,,False,29,0.03131749460043196
1977,m106_11,Meaningful name,"Person lies that his name is so and so. His enemy, victim or other people, demons or animals understand it not as a name but as a common word and behave accordingly",True,83,0.08963282937365011
1978,m106a_11,“Myself” and “Nobody” in a demon’s house,"After doing damage or injury to his antagonist, person lies that his name is so and so. Other demons understand it not as a name but as a common word and it makes them believe that the injured one was the trouble-maker himself",True,16,0.017278617710583154
1979,m106b_11,“Last year” in a demon’s house,"After doing damage or injury to his antagonist, person lies that his name is so and so. Other demons understand it not as a name but as a common word and it makes them believe that the injury had been done so long ago that there is no sense to investigate the case",True,7,0.00755939524838013
1980,m106c_11,My name is “The Guest”,Person lies that his name is “The Guest” or so and eats all the food suggested to the guests,True,10,0.01079913606911447
1981,m107_11,Turtle bites penis off,"A smaller animal kills or maims a big mammal (jaguar, tapir) seizing him by his penis",True,9,0.009719222462203024
1982,m108_11,Trickster carries away property,Person suggests to ferry people's property across river but rides away with boat and load,True,6,0.0064794816414686825
1983,m108a_11,Trickster as an adopted child,An old couple live alone and adopt a boy (a trickster-animal) as a son. He steals their property and runs away,True,10,0.01079913606911447
1984,m109_11,The tail-fisher,"Animal person advices another animal to put its tail into ice-hole to fish, to get treasure, etc. The tail sticks to ice, to snags, etc.",True,102,0.1101511879049676
1985,m109a_11,To sit on the ice waiting for food,An animal suggests another to sit on the ice till some food will fall from the sky. Waiting this way for food to fall down the anima is frozen to the ice,True,7,0.00755939524838013
1986,m109b_11,Sick animal carries the healthy one,"A healthy animal tricks an injured one (a wolf, a bear) into carrying him on his back by pretending to be injured himself",True,45,0.04859611231101512
1987,m110_11,The forgotten liver,"An animal is tricked to be carried across the water by those who are going to eat or to use as a medicine a part of its body. The animal tells that forgot to take just that part which is needed, is carried back to take it, escapes",True,40,0.04319654427645788
1988,m111_11,Monkey on the banana tree,"An animal person who can climb trees (usually a monkey) suggests another (a turtle, a crab) to harvest bananas. He climbs the banana, throws down but peels, rotten fruits and the like. His companion revenges on him",True,11,0.011879049676025918
1989,m112_11,Animals dig a well,An animal person refuses to dig or clean a source of drinking water together with other animals or birds but takes advantage of the results of the work,True,69,0.07451403887688984
1990,m112a_11,Turtle catches the thief,"Animal are guarding some food or water or come after water. The deceiver takes what he needs or does not let the others to use the water. Turtle, toad or frog proves to be smarter than the deceived and catches him",True,22,0.023758099352051837
1991,m112b_11,Animals build a road,"When animals build a rode, the mole or shrew refuses to take part in the work and is punished",True,11,0.011879049676025918
1992,m113_7,Thirsty bird cries for water,During the hottest month of the summer or permanently birds of certain species are prohibited to drink from the water bodies and can quench their thirst only from rain drops and dew on leaves. That is why this bird always cries calling for rain,True,34,0.0367170626349892
1993,m114_11,Rope of sand,"Person is suggested to twist a rope or make other object of sand, ash, smoke, etc.",True,55,0.05939524838012959
1994,m114a_11,Clothes of stone,Person is suggested to make clothes of stone or iron or to skin a stone,True,19,0.020518358531317494
1995,m114b_11,Not clothed and not naked,"Person is suggested to make something and simultaneously not to make it (to come clothed and naked, to stand indoors and outdoors, etc.)",True,44,0.047516198704103674
1996,m114c_11,To protect from rain by his own body,"Person cannot understand why the clothes (firewood, etc.) of another are dry after the rain – he protected them with his own body",True,12,0.012958963282937365
1997,m114d_11,Chickens from the boiled eggs,Person claims that chickens can be brooded from the boiled eggs or wants his opponent to grow a hen during one day. The opponent suggests for the first person equally impossible task,True,48,0.05183585313174946
1998,m115_11,The eaten up wolf,"Using a trick, person kills dangerous predator. Kinsmen and friends of the killed animal get to know about it and come to avenge its death. The person escapes from them",True,10,0.01079913606911447
1999,m116_10,Wisdom of hidden old man saves kingdom,People are ordered to kill or (rare) mothers or (the Nyoro) to deprive them of power and property). A man conceals his father. Later the old man helps to resolve difficult problem. It is decide not to kill old men anymore,True,67,0.07235421166306695
2000,m117_11,Head under wing,"Fox or other predator asks a bird what does it do when the wind blows. When the bird demonstrates how it puts its head under its wing, the fox kills it",True,13,0.014038876889848811
2001,m118_11,Bull repository / Ali Baba,"Person brings food from or gets shelter inside of a big animal, a tree or inside some enclosure. Another animal person follows him but gets into trouble",True,35,0.03779697624190065
2002,m118a_11,Cave of Ali Baba,Person penetrates into enclosure with valuables after getting know magic words that open the door,True,18,0.019438444924406047
2003,m119_11,Demonstrated many times,"Trickster suggests to be a nurse or a shepherd, kills and eats children or animals, demonstrates to the parent (the owner) one and the same child or animal as many times as was their number in the beginning",True,26,0.028077753779697623
2004,m120a_11,Cannibal mourner ,"Somebody dies, animal person suggests to be a mourner, eats the corpse",True,8,0.008639308855291577
2005,m120b_11,Baby-sitter kills babies of bear-mother,"Trickster sends a woman (usually bear-woman) or two women to pick up berries or an animal allegedly killed by him and suggests to look after their children. He kills the children, feeds their meat to their mother. (The false baby-sitter kills the cabs not because he is hungry and not because of his carelessness)",True,15,0.016198704103671708
2006,m120c_11,Shared children,Two animals agree to care for their children together. The stronger one devours the children of the weaker one and pretends to be angry when the latter asks whose were the lost children,True,8,0.008639308855291577
2007,m121_11,Louse as a spy,"Louse or other tiny creature (flee, tuck) is sent to spy on a person",True,6,0.0064794816414686825
2008,m122_11,Advisers inside,"In a difficult situation animal person asks for advice his tail, anus or some beings that are inside him (excrements, parasites, his ""sisters"", etc.)",True,24,0.02591792656587473
2009,m123_11,Raven marries goose,"A bird of prey or a carrion-eater (raven, owl, hawk; coyote) marries or tries to marry goose-person or other water bird. This marriage is not realized or is a short one",True,22,0.023758099352051837
2010,m123a_11,Three-toed foot,"Raven marries or tries to marry a girl pretending to be handsome chief. They notice that somebody is eating carrion. Usually when everybody have to take off there footgear, raven's three-toes feet are exposed. He is driven away or runs away being ashamed",True,5,0.005399568034557235
2011,m123b_11,Trickster tied to a boat ,"A man gets a woman thanks to a trick, carries her away in his canoe. She asks permission to go to shore to relieve herself, runs away",True,5,0.005399568034557235
2012,m123c_11,Unlucky flight with migratory birds,A bird-person who usually does not fly away in the autumn makes attempt to fly with migratory birds but is unable to reach destination,True,16,0.017278617710583154
2013,m123d_11,Raven the filth-eater,Raven is going to marry a girl but is rejected after they see that he eats filth,True,7,0.00755939524838013
2014,m124_11,A bull’s tail,"Person buries a tail or head of a bull or other domestic animal with a tail or horns outside. He explains that the animal sank into the ground and usually asks the others to pull the tail (horns). When they are “torn off”, he tells that people are guilty of the animal being lost",True,63,0.06803455723542116
2015,m125_11,Eaten up eyes,Person lies to another that he is eating his eyes. The companion agrees to be blinded. The first person extracts one of companion’s eye but gives him to eat something delicious instead. The companion believes that his eyes are good to eat and agrees to be deprived of another eye too,True,14,0.01511879049676026
2016,m126_11,Silent skull,"Person comes across severed head or skull who speaks and tells others about his experience. When chief, king etc. comes to control information, the skull keeps silence and the man is punished as a liar",True,11,0.011879049676025918
2017,m127_11,Lost tail of fox,"Trickster animal has a narrow escape and loses his tail. To make himself unrecognizable among other animals of his species, he tricks them to lose their tails too",True,44,0.047516198704103674
2018,m127a_11,The quail makes the fox laugh,"Trickster animal asks a bird to make him laugh. The bird sits on the head of a woman (child, cow, etc.), other person tries to kill the bird, hits the wife (breaks cow's horn, etc.). Or the bird distracts person attention to let the trickster steal the person’s food",True,57,0.061555075593952485
2019,m127b_11,A jug as trap,"Animal person attaches a vessel or its part to his body, puts it into the water, the vessel is heavy and drags him into the water",True,22,0.023758099352051837
2020,m127c_11,Frightened without reason,An animal person mistakes an object abandoned by chance or intentionally for an evidence of a danger and behaves inadequately,True,14,0.01511879049676026
2021,m128_11,Variegated animals,Hero comes to an agreement with antagonist that he can take animals of particular color. He gets to change color of the animals and takes all or most of them,True,11,0.011879049676025918
2022,m129_10,Lost primogeniture,"Father or mother is going to give primogeniture to the son he or she has chosen. Another son comes in disguise of the chosen one, receives primogeniture",True,10,0.01079913606911447
2023,m130_11,Fox and bird in one hole,Fox and bird hide from a hunter together in one and the same hole. The bird makes believe he is dead and escapes (with the fox or alone),True,7,0.00755939524838013
2024,m130a_11,Bird helps animal to escape from snare,A predator animal lures a herbivorous animal into the hunter's trap and hopes to feast on its entrails. A bird advices the herbivorous animal to sham dead and helps him to escape,True,13,0.014038876889848811
2025,m130b_11,Traitor killed instead of a victim,A herbivorous animal gets into hunter's trap. A predator animal refuses to free his companion because he hopes to feast on entrails. A bird makes the herbivorous animal free. The hunter tries to kill the bird but hits the predator instead,True,6,0.0064794816414686825
2026,m131_11,Biting tree-root,"A stronger (animal)-person gets to seize a leg or tail of a weaker one. To get free the weaker one pretends that his pursuer got hold of a tree root, and the pursuer lets his enemy free",True,57,0.061555075593952485
2027,m132_11,Ears as sandals,"Enemy is ready to cease person who asks him first to throw away his clothes and shoes and exposes his ears. The enemy takes him by ears and throws away, the person escapes",True,6,0.0064794816414686825
2028,m132a_11,"Ears, not horns",Predator animal believes that an ungulate has dangerous horns and then understands that these are but ears,True,4,0.004319654427645789
2029,m133_11,Wind saves situation,"Cumulative tale: a small bird cuts itself with a sharp blade of grass or a thorn and asks the others to punish the plant. Everyone finds an excuse why they cannot do anything (sheep, wolves, boys, etc.). The last one is the wind, it blows making all other persons act",True,5,0.005399568034557235
2030,m134_11,A tower of wolves,"Animals stand one on another making a tower. When the lowermost moves, the tower collapses",True,41,0.04427645788336933
2031,m134a_10,Blowing the house in,Predator animal/ogre blows and destroys a fragile house but cannot destroy a strong one. Usually two or three weak personages build three houses only one of which is strong enough.,True,18,0.019438444924406047
2032,m134b_11,Wolf measured by tailor,"When a predator is going to eat a man, the latter asks permission first to measure him and beats with his (feigned) measuring tool",True,7,0.00755939524838013
2033,m135_11,Sham brains,"Eating much, person gets dirty (usually a fox covers his head with a milky substance or dough) but convinces others (a wolf or a bear) that his body looks strange because he has been badly injured",True,35,0.03779697624190065
2034,m136_11,Sickle as an unknown beast,"Grain is harvested with inappropriate tools. Seeing sickle for the first time, people take it for a dangerous animal",True,30,0.032397408207343416
2035,m137_11,The wolf imitates the Lion,"The stronger predator demonstrates the weaker one the right way to behave before attacking the game.. The weaker one does the same (eyes are bloody, hindquarters trembling, etc.) but instead of killing a herbivorous animal is usually killed himself",True,22,0.023758099352051837
2036,m138_11,Human and animal life spans are readjusted,God originally gives 20 or 30 years to everybody. Some animals refuse some of their years because of their sufferings. Man wants to have more years and takes them from the animals,True,24,0.02591792656587473
2037,m139_11,The released birds,"Fox catches birds, puts them into a bag and goes away for a moment. Another animal-person opens the bag and puts thorns instead of the birds",True,5,0.005399568034557235
2038,m140_11,The theft of fish,"Trickster pretends to be dead or sick and is picked up by those who carry something edible in a cart (sledge, boat, bag). The trickster secretly eats the food, often after throwing it out of the cart (sledge)",True,63,0.06803455723542116
2039,m140a_11,m140a_11,,False,8,0.008639308855291577
2040,m140b_7,m140b_7,,False,4,0.004319654427645789
2041,m141_11,Animals in a pit,Travelling animals fall in a pit and eat one another up until only one (usually the fox) is left and escapes from the pit,True,23,0.024838012958963283
2042,m142_11,Fox blames his tail,Fox blames his tail for being useless when escaping from the pursuers (usually he punishes his tail and gets killed himself as a result),True,22,0.023758099352051837
2043,m143_11,Fox in a well,Getting into a well or pit and being unable to climb out animal person tricks another to descend and thanks to this gets out while the second person remains below,True,46,0.04967602591792657
2044,m144_11,The wasp nest as king’s drum,"One animal person gets to convince another that dangerous or disgusting objects are attractive and delicious (a wasp nest is a drum, a snake is a girdle, a heap of dung is a delicacy, etc.)",True,22,0.023758099352051837
2045,m144a_11,Burning thatch on the back of a tiger,A trickster (always hare or rabbit) asks a big and dangerous animal (tiger or elephant) to carry some thatch and puts it on fire. After this the same trickster or other animal gives the victim advice to run not to river but up the slope,True,7,0.00755939524838013
2046,m145_11,The lion in a well,"A weak animal person demonstrates a strong one his reflection in water. The latter believes that an animal like he contests his supremacy, invites him for a visit, etc., usually jumps in and drowns",True,48,0.05183585313174946
2047,m146_11,The wolf in a trap,"Knowing that food is in a trap or is poisoned, one animal tricks another to take it",True,23,0.024838012958963283
2048,m147_11,The fox runs in front of the tiger,"The weak animal tells the strong one that all the other are afraid of him, the weak one. To prove it, the weak one walks in front of the strong one and the latter believes that forest dwellers run away seeing not him but the weak one",True,2,0.0021598272138228943
2049,m148_11,Agrees to be eaten up,"One animal person persuades another to agree to be eaten up, usually promising a reward after the resurrection. The fool agrees and is eaten up",True,10,0.01079913606911447
2050,m149_11,Tell them that I am a stump,"The bear (wolf, lion, etc.) is going to kill a man. Another person or animal pretends not to know about the situation and tells the man that hunters are in search of the bear, have not he seen him? The bear asks the man not to give him out and answer that it is a stump, a log and the like near him. This opens possibility to treat the dangerous animal as a corresponding object (to cut it with an axe, to tie up, etc.)",True,36,0.038876889848812095
2051,m149a_11,Treaty with the tiger,"A man, light-mindedly or against his own wish, makes an agreement with a dangerous predator. He does not want (cannot) keep it or breaks it and the predator is going to kill him. Somebody intervenes and saves the man.",True,19,0.020518358531317494
2052,m149b_11,Dogs inside,A man tells that there are dangerous animals inside him (or in a box he has) that can come out. A predator who was going to eat the man up (or to bite him) believes him and runs away,True,6,0.0064794816414686825
2053,m150_11,The deceitful herdsman`,An animal person becomes a herdsman but eats the entrusted animals up,True,20,0.02159827213822894
2054,m151_11,"Hello, house!","Dangerous animal pretends to be an inanimate object, dead or absent. The potential victim sais aloud that the real dead (object, place) has to act in a particular way or to say particular words. The animal does accordingly betraying himself.",True,24,0.02591792656587473
2055,m152_11,Why only one wolf?,"Deceived by a weak person, a predator animal or an ogre is frightened and runs away. Another animal is eager to explain his mistake and leads him back. The weak one repeats former trick or pretends to be angry: why the animal (ogre) brought to him is lean (small; only one instead of several, etc.). The predator (ogre) again runs away",True,75,0.08099352051835854
2056,m152a_11,Tied together,Two predator animals (an animal and an ogre) tie together with one rope and because of this are injured or dead during a confrontation with a weak person or animal,True,49,0.052915766738660906
2057,m152b_11,Brave donkey and cowardly lion,Getting to see a donkey or horse a strong predator thinks that this animal is dangerous. His further interpretation of the herbivorous’ behavior supports this impression,True,17,0.0183585313174946
2058,m152c_11,The donkey and the lion crossing a river,"A weak companion of a big predator pretends to be strong and brave. Almost drowned сrossing a river and saved by the predator, he pretends to be angry (“Because of you I let a fish go”, etc.)",True,7,0.00755939524838013
2059,m152d_11,Whose voice is louder (the elephant and the tiger),The elephant and the tiger (lion) make a competition (usually argue whose voice is louder). The tiger wins and is going to eat the elephant. A small trickster animal saves the elephant,True,6,0.0064794816414686825
2060,m153_11,Letter on a hoof,"A predator animal wants to eat a horse (mule, etc.). Before the horse will let himself be eaten, he demands (or another animal gives him advice) that the predator look at his hoof (for different reasons) or eat him from his hindquarters forward; then he kicks the predator",True,49,0.052915766738660906
2061,m153a_11,The clean pig,The predator wants to eat a person or animal; the victim asks for a favor to let him first wash himself and escapes,True,10,0.01079913606911447
2062,m153b_11,Wolf rides a horse,"Wolf is killed or injured when he accepts a suggestion of the horse (donkey, etc.) to ride it",True,9,0.009719222462203024
2063,m154_11,The animal language and the stubborn wife,"A man obtains knowledge of animal languages but if he reveals the secret, he must die. Once he hears animals talking and laughs. His wife thinks that he laughs at her or at her mother. The man is ready to open his secret and either does it and dies or hears how animals (usually a cock) blame him for being so foolish. So he keeps his secret.",True,89,0.09611231101511879
2064,m154a_11,m154a_11,,False,31,0.03347732181425486
2065,m155_10,Sleeping parent covered with a cloak,A man or a woman falls asleep in the nude or pretends to do so. Only one of his or her children covers him or her with a cloak and is considered to be the most noble,True,6,0.0064794816414686825
2066,m156_11,The ungrateful one returned to captivity,An (animal) person saves a dangerous animal from a snare or the like. The saved one is going to kill his savior but the third person saves the second (usually tricks the first one to captivity again),True,135,0.14578833693304535
2067,m157_11,My father is giving birth,Person proves the absurdity of the claims of another person claiming in response something equally absurd. One or the both say that a man or a male animal had given birth (or is menstruating) or that a female gave birth to a young of another species or that a woman gave birth to an animal,True,89,0.09611231101511879
2068,m157a_11,You are hens and I am  the cock,"To put a person into an awkward position, others demonstrate chicken eggs that they prepared beforehand. Having no egg with him, the person says that he is the only cock while all the others are hens",True,9,0.009719222462203024
2069,m157b_11,To take the one thing she holds dearest,Husband casts his wife out but allows her to take the one thing she holds dearest. She takes her sleeping or drunk husband with her and thus moves him to forgive her,True,39,0.042116630669546434
2070,m158_11,Tops or buts,"Two animals (an animal and a person, an ogre and a person, etc.) agree to divide a crop in such a way that one would take what is above the ground and another what is beneath ground. One of them (several times makes a wrong choice (takes turnip tops and wheat roots)",True,68,0.0734341252699784
2071,m159_11,The lion’s share,"The strongest predator (usually a lion) and two other animals hunt together. One shares the booty and is killed or badly injured by the strongest one. When the third one becomes to share, he gives everything to the strongest one and explains that the injured one taught him the right way of sharing",True,54,0.058315334773218146
2072,m160_11,Feelings wounded by deed and by word,"A strong predator animal and a man become friends. The animal hears how the man or his wife complains about him (e.g. criticizes the bad smell of his mouth) and asks the man to strike him with an axe, knife and the like. Later he comes to demonstrate his healed wound and explains that the physical wound can be healed unlike the psychological one ",True,25,0.026997840172786176
2073,m161_11,A dog in the bag,Person gives another (often a fox) a bag putting inside a dog instead of food; or he makes free a girl who was kept in the bag and replaces her with a dog. The dog attacks the one who opened the bag,True,25,0.026997840172786176
2074,m162_11,Eats his own innards,Person pretends to eat his own innards or flesh and persuades the other to do the same. Other believes and kills themselves,True,22,0.023758099352051837
2075,m162a_11,Cuts off his genitals,Person pretends to eat his own genitals. Another one believes him and cuts off his genitals,True,5,0.005399568034557235
2076,m162b_11,Sour sap into the bear’s eyes,Person makes believe to rub sour berries into his eyes. Another (always a bear) suggests to rub the same sap into his eyes and is blinded. The person kills him,True,4,0.004319654427645789
2077,m163_11,The precious cat,Person gets to a country where rats or mice are a plague and receives a fortune selling a cat ,True,53,0.05723542116630669
2078,m164_11,All tracks going into the den and none coming out,Animal person refuses to enter the den of a strong predator seeing that all tracks go into it but none come out,True,29,0.03131749460043196
2079,m165_11,Fur coat for the wolf ,One animal person promises to sew a fur coat (or boots) for another and asks to bring him ever more sheep. He eats the meat and sews nothing,True,14,0.01511879049676026
2080,m166_11,Piece among animals,"To lure his potential victim down from a tree, a predator pretends not to be dangerous (usually announces that it has been decreed that all animals are united in piece). The victim is dubious and usually asks the predator to announce the same news to the dogs. The predator runs away",True,51,0.0550755939524838
2081,m167_11,A tiger taken for a bull,"During the night a strong predator (a tiger, a lion, etc.) and a thief not knowing about each other get into stable to steal a domestic animal. The thief takes the predator for domestic animal or for a person and acts accordingly",True,23,0.024838012958963283
2082,m167a_11,The tiger who is afraid of Twilight,"A strong predator (usually a tiger) overhears a person saying that he fears something worse than a tiger The word is unknown to the tiger (twilight, etc). Thinking it must be a terrible thing he hides and then runs away ",True,15,0.016198704103671708
2083,m168_11,More cowardly than the hare,"The hare is in despair because he is afraid of all creatures but is delighted when he sees other animals (sheep, frogs, dusks) being afraid of him",True,47,0.05075593952483801
2084,m169_11,Medicine for the sick lion,In the presence of powerful person one of his subjects is plotting against the other. The other answers that the problem can be resolved if the first one would be maimed (usually a part of his body used as a medicine). The schemer is killed or injured,True,44,0.047516198704103674
2085,m170_11,Pilgrimage of the animals,"Animal person pretends to confess his sins and become vegetarian, kills those who believed him",True,50,0.05399568034557235
2086,m170a_11,Sinful camel and pure wolf,A predator sais that a herbivorous is a great sinner and must be eaten up,True,6,0.0064794816414686825
2087,m171_11,The successive exchange: from a pea to a horse,"Person or animal stays for a night and the next morning declares that his possessions (which value is none or negligible) are lost. He receives in compensation objects (usually a domestic animal) that has a bigger value, and this way several times till he gets a really valuable animal or a human person",True,103,0.11123110151187905
2088,m171a_11,Exchange: gets a bride,Person or animal gets to exchange less valuable goods for ever more valuable and ultimately gets a bride,True,65,0.07019438444924406
2089,m171b_11,Shoulder-blade with no meat,"Person pretends that he has not a bare should-blade but a good piece of meat, asks people to cook it and then blames them for stealing the meat",True,11,0.011879049676025918
2090,m171c_11,In exchange for a thorn,Somebody pulls out a thorn from a person’s body and throws the thorn away. The person claims his thorn back and receives something more valuable in exchange,True,12,0.012958963282937365
2091,m172_11,The hare makes the lion his horse,"To demonstrate that a strong animal is his slave or his riding animal, a weak animal tricks the strong one to carry him. People believe that the strong one is really a slave of the weak one",True,15,0.016198704103671708
2092,m173_11,Pretending dead several times,"An animal person pretends to be dead and lies down on a road in front of a traveler who carries something valuable. The traveler passes by but returns to pick up the animal when he sees another one, i.e. the same trickster who ran ahead. The trickster steals the possessions that the traveler abandoned for a time",True,4,0.004319654427645789
2093,m174_11,Eats from behind,A week animal person immobilizing a strong one becomes to eat him from behind and refuses to come to the head where the stronger one can still bite him; or is waiting till the strong animal dies,True,9,0.009719222462203024
2094,m175_11,A dead lion behind the hyena ,"Seeing a dead lion (or other big predator) behind him, the hyena thinks that the lion is alive and runs away in panic",True,6,0.0064794816414686825
2095,m176_11,A test: to jump across a brook,"(Animal) persons agree to jump across a brook or streamlet, to cross it walking along a log, a rope and the like. One or all of them fall down",True,21,0.02267818574514039
2096,m177_11,But he had no heart at all,A weak predator eats part of a body of a killed animal and explain to the strong one that this animal did not have such a part at all,True,27,0.029157667386609073
2097,m178_11,The lying goat,"A man sends others one after the other to pasture the goat. Back home, the goat always complains it did not get anything to eat. The man angrily sends away or kills his shepherds (who usually are his family members). When he himself pastures the goat he realizes that it lies. He is going to kill the goat, usually skins it, but it escapes",True,33,0.035637149028077755
2098,m179_11,A house of bark and a house of ice,"Two animal persons live nearby, the house of one of them is destroyed, he asks another to let him in and usually drives the host out of his house. Strong animals are afraid of the intruder but a weak or small one succeeds to return the house to its original owner",True,17,0.0183585313174946
2099,m179a_11,The owner driven out of his house,Using a trick the intruder occupies other person’s house and refuses to let the owner in,True,26,0.028077753779697623
2100,m180_11,Fox and crane invite each other,An animal person invites another and serves his food in such a way that he is unable to taste it. Then the other invites the first animal and puts him in similar situation,True,68,0.0734341252699784
2101,m180a_11,The unwashed monkey,An animal person invites another but asks him to wash his hands or feet before dinner. This proves to be impossible and the hungry guest goes away,True,11,0.011879049676025918
2102,m181_11,Two companions go to a feast,Two animal persons are invited to a feast. Both along the way and at the place of destination one deceives another ,True,21,0.02267818574514039
2103,m181a_11,Fire at the sunset,"Person persuades another to mistake unachievable natural phenomena for the objects of culture. Usually he sends the other to bring a fire indicating a false source of it (a sunset, a firefly) and hides or eats the meat to be cooked during companion’s absence",True,7,0.00755939524838013
2104,m182_11,The tarbaby,"To catch a thief, a deceiver, the owner of property puts a sticky figure to which the thief sticks (usually mistaken it for alive being and usually touching it with all his body members in succession)",True,51,0.0550755939524838
2105,m182a_11,Captured wild animals ransom themselves,"Person smears with pitch a domestic animal (or a figure of an animal, some object); wild animals stick to it one after another; are released for a promise of gifts ",True,11,0.011879049676025918
2106,m182b_11,The wild animals on the sleigh,"Wild animals ride on a sleigh, which breaks. To repair it the animals bring unsatisfactory material from the forest. When the sleigh owner goes for good material they eat the horse (or the bull) and build a dummy to replace it",True,22,0.023758099352051837
2107,m183_11,A race: one against many,"Many animals of one species that all look identical together fulfill the task that would be impossible for any of them if he were alone; the competitors believe that the task was fulfilled by only one animal. Usually a slow and a fast animals agree to race. The slow one puts others who look like him at the finish or along the distance, each one answering the fast one that he is ahead of him. The fast one accepts his loss",True,104,0.11231101511879049
2108,m184_11,The slow one is ahead of the sleeping one,A slow and a fast animals agree to race. The fast one is sure that he will win and is not in a hurry at all while the slow one is moving persistently to his aim and wins,True,19,0.020518358531317494
2109,m185_11,On the tail of the fast one,(animals),True,50,0.05399568034557235
2110,m185a_11,On the tail of the winner (all versions),"Birds, animals or fish compete as about who is the fastest or can fly higher than others. A weak one imperceptible sticks to the body of the fastest or strongest and wins",True,73,0.07883369330453564
2111,m186_9,Hedgehog is a participant of the race ,Hedgehog is a participant of the race and wins,True,26,0.028077753779697623
2112,m186a_11,m186a_11,,False,5,0.005399568034557235
2113,m187_9,Snail is a participant of the race,Snail is a participant of the race and wins,True,18,0.019438444924406047
2114,m188_11,The painted jackal ,Animal person is highly respected by others after he changes his looks by chance; is smeared with a paint or gets a necklace-like object around his neck which he is unable to pull off,True,10,0.01079913606911447
2115,m189_11,To thread a spiral shell,"To thread a spiral shell (a stone with tiny opening, a horn, etc.) person ties the thread to an ant and lets it go through the opening",True,4,0.004319654427645789
2116,m190_11,The beaver and the porcupine,The beaver ferries the porcupine and usually throws him into water or abandons on an island,True,7,0.00755939524838013
2117,m191_11,Cat and wild animals,The fox (who married the cat) poses him as a strong and dangerous animal. The wild animals are eager to get him round but are scared and run away,True,30,0.032397408207343416
2118,m192_11,The dried up skin,A carrion-eating animal who crawled into a fresh carcass or put on a fresh animal skin cannot free himself when the carcass or the skin becomes dry. He gets free when is becomes soft again or somebody tears it open,True,10,0.01079913606911447
2119,m192a_11,The dried up straps,Animal person agrees to put on a fresh skin of another animal or to be tied up with raw straps. The skin or straps dry up making the person suffer,True,4,0.004319654427645789
2120,m193_11,Flight inside pumpkin,"To pass unnoticed dangerous animals on his or her way back, person crawls into a gourd, a big cattle, etc. and is rolling inside it along the road, or he walks transforming his appearance in a bizarre way",True,8,0.008639308855291577
2121,m194_11,Traveler’s possessions divided,"Several animals get objects possessed by a person. Dividing their booty, one animal takes all the food for himself giving the others objects that can be used only by people. Animals that received them suffer or die",True,5,0.005399568034557235
2122,m195_11,Two horse: which is older?,Person should guess which of two horses is older. He does it considering peculiarities of the habits of horses,True,13,0.014038876889848811
2123,m196_11,The silence wager,A man and his wife make a wager: Whoever speaks first must do certain trivial work or get a bigger portion of some simple food. They or one of them continue to keep silence even being exposed to violence or taken by others as the dead,True,52,0.056155507559395246
2124,m197_11,The effectiveness of fire,"Seriously or demonstrating absurdity of the situation, a person tries to cook something using a fire (a source of light) that is far away from the object to be cooked",True,43,0.04643628509719223
2125,m197a_11,The pot has a child and dies,"A borrower returns a cattle (pot) together with a small one, claiming that the cattle gave birth to a child. He borrows the pot again but does not return it, claiming that the pot dies",True,28,0.03023758099352052
2126,m198_11,The wise brothers,"Brothers (rare: one man) have extraordinary powers of observation and describe objects, animals or people whom they never seen or see for the first time. Investigation confirms that their deduction was correct  ",True,67,0.07235421166306695
2127,m198a_11,Who did steal the ruby?,Judge tells a story to persons suspected of a crime and finds who is guilty watching their reaction,True,15,0.016198704103671708
2128,m198b_11,Grasshopper in hand,"A king (landlord, etc.) suggests to guess what he has in his hand (in a box). A man gives the correct answer pronouncing by chance the word “grasshopper” (“locust”, “cricket”)",True,17,0.0183585313174946
2129,m199_11,Squeezing the (supposed) stone,"A man or a weak animal and an ogre (giant, devil) have a contest to see which of them  can squeeze a stone. The man squeezes a cheese (egg, turnip) and thus intimidates the ogre",True,62,0.06695464362850972
2130,m199a_11,m199a_11,,False,9,0.009719222462203024
2131,m199b_11,m199b_11,,False,36,0.038876889848812095
2132,m199c_11,m199c_11,,False,38,0.04103671706263499
2133,m199c1_11,m199c1_11,,False,15,0.016198704103671708
2134,m199d_11,m199d_11,,False,35,0.03779697624190065
2135,m199e_11,m199e_11,,False,21,0.02267818574514039
2136,m200_13,m200_13,,False,6,0.0064794816414686825
2137,m200a_13,m200a_13,,False,5,0.005399568034557235
